IP地址	端口	TLS	数据中心	地区	城市	ASN	网络延迟
172.64.40.216	443	TRUE	BKK	Asia Pacific	Bangkok	13335	5 ms
172.64.40.109	443	TRUE	BKK	Asia Pacific	Bangkok	13335	6 ms
172.64.40.112	443	TRUE	BKK	Asia Pacific	Bangkok	13335	6 ms
172.64.40.138	443	TRUE	BKK	Asia Pacific	Bangkok	13335	6 ms
172.64.40.99	443	TRUE	BKK	Asia Pacific	Bangkok	13335	6 ms
172.64.40.140	443	TRUE	BKK	Asia Pacific	Bangkok	13335	6 ms
172.64.40.101	443	TRUE	BKK	Asia Pacific	Bangkok	13335	6 ms
172.64.40.111	443	TRUE	BKK	Asia Pacific	Bangkok	13335	6 ms
172.64.40.196	443	TRUE	BKK	Asia Pacific	Bangkok	13335	6 ms
172.64.40.218	443	TRUE	BKK	Asia Pacific	Bangkok	13335	6 ms
172.64.40.200	443	TRUE	BKK	Asia Pacific	Bangkok	13335	7 ms
172.64.40.197	443	TRUE	BKK	Asia Pacific	Bangkok	13335	7 ms
172.64.40.148	443	TRUE	BKK	Asia Pacific	Bangkok	13335	7 ms
154.219.5.148	443	TRUE	BKK	Asia Pacific	Bangkok	209242	8 ms
154.219.5.126	443	TRUE	BKK	Asia Pacific	Bangkok	209242	8 ms
154.219.5.132	443	TRUE	BKK	Asia Pacific	Bangkok	209242	8 ms
154.219.5.228	443	TRUE	BKK	Asia Pacific	Bangkok	209242	9 ms
154.219.5.136	443	TRUE	BKK	Asia Pacific	Bangkok	209242	10 ms
154.219.5.146	443	TRUE	BKK	Asia Pacific	Bangkok	209242	10 ms
172.64.40.104	443	TRUE	BKK	Asia Pacific	Bangkok	13335	10 ms
172.64.40.209	443	TRUE	BKK	Asia Pacific	Bangkok	13335	10 ms
172.64.40.92	443	TRUE	BKK	Asia Pacific	Bangkok	13335	11 ms
172.64.40.134	443	TRUE	BKK	Asia Pacific	Bangkok	13335	12 ms
172.64.40.139	443	TRUE	BKK	Asia Pacific	Bangkok	13335	13 ms
154.219.5.130	443	TRUE	BKK	Asia Pacific	Bangkok	209242	14 ms
154.197.80.49	443	TRUE	BKK	Asia Pacific	Bangkok	209242	16 ms
23.106.130.200	80	TRUE	KIX	Asia Pacific	Osaka	25820	17 ms
154.219.5.133	443	TRUE	BKK	Asia Pacific	Bangkok	209242	18 ms
154.219.5.45	443	TRUE	BKK	Asia Pacific	Bangkok	209242	19 ms
172.64.40.113	443	TRUE	BKK	Asia Pacific	Bangkok	13335	24 ms
172.64.40.125	443	TRUE	BKK	Asia Pacific	Bangkok	13335	24 ms
172.64.40.127	443	TRUE	BKK	Asia Pacific	Bangkok	13335	28 ms
172.64.40.224	443	TRUE	BKK	Asia Pacific	Bangkok	13335	29 ms
172.64.40.154	443	TRUE	BKK	Asia Pacific	Bangkok	13335	29 ms
172.64.40.8	443	TRUE	BKK	Asia Pacific	Bangkok	13335	31 ms
172.64.78.148	443	TRUE	SIN	Asia Pacific	Singapore	13335	32 ms
172.64.78.47	443	TRUE	SIN	Asia Pacific	Singapore	13335	32 ms
154.197.80.155	443	TRUE	BKK	Asia Pacific	Bangkok	209242	32 ms
172.64.40.65	443	TRUE	BKK	Asia Pacific	Bangkok	13335	32 ms
172.64.78.224	443	TRUE	SIN	Asia Pacific	Singapore	13335	32 ms
172.64.78.17	443	TRUE	SIN	Asia Pacific	Singapore	13335	33 ms
172.64.40.131	443	TRUE	BKK	Asia Pacific	Bangkok	13335	33 ms
172.64.40.201	443	TRUE	BKK	Asia Pacific	Bangkok	13335	34 ms
172.64.78.30	443	TRUE	SIN	Asia Pacific	Singapore	13335	35 ms
172.64.78.128	443	TRUE	SIN	Asia Pacific	Singapore	13335	36 ms
154.219.5.26	443	TRUE	BKK	Asia Pacific	Bangkok	209242	36 ms
154.197.80.76	443	TRUE	BKK	Asia Pacific	Bangkok	209242	36 ms
172.64.40.223	443	TRUE	BKK	Asia Pacific	Bangkok	13335	37 ms
172.64.40.45	443	TRUE	BKK	Asia Pacific	Bangkok	13335	39 ms
154.197.80.143	443	TRUE	BKK	Asia Pacific	Bangkok	209242	39 ms
172.64.40.47	443	TRUE	BKK	Asia Pacific	Bangkok	13335	40 ms
45.202.113.6	443	TRUE	SIN	Asia Pacific	Singapore	984	40 ms
154.197.80.135	443	TRUE	BKK	Asia Pacific	Bangkok	209242	40 ms
172.64.40.82	443	TRUE	BKK	Asia Pacific	Bangkok	13335	41 ms
154.219.5.39	443	TRUE	BKK	Asia Pacific	Bangkok	209242	41 ms
172.64.40.59	443	TRUE	BKK	Asia Pacific	Bangkok	13335	41 ms
172.64.40.66	443	TRUE	BKK	Asia Pacific	Bangkok	13335	42 ms
154.197.80.226	443	TRUE	BKK	Asia Pacific	Bangkok	209242	42 ms
154.197.80.133	443	TRUE	BKK	Asia Pacific	Bangkok	209242	43 ms
172.64.40.74	443	TRUE	BKK	Asia Pacific	Bangkok	13335	43 ms
154.197.80.26	443	TRUE	BKK	Asia Pacific	Bangkok	209242	44 ms
154.197.80.154	443	TRUE	BKK	Asia Pacific	Bangkok	209242	44 ms
172.64.78.153	443	TRUE	SIN	Asia Pacific	Singapore	13335	45 ms
45.91.200.86	80	TRUE	AMS	Europe	Amsterdam	204601	46 ms
154.219.5.23	443	TRUE	BKK	Asia Pacific	Bangkok	209242	46 ms
154.219.5.64	443	TRUE	BKK	Asia Pacific	Bangkok	209242	46 ms
154.197.80.68	443	TRUE	BKK	Asia Pacific	Bangkok	209242	46 ms
172.64.40.67	443	TRUE	BKK	Asia Pacific	Bangkok	13335	46 ms
154.197.80.129	443	TRUE	BKK	Asia Pacific	Bangkok	209242	47 ms
45.202.113.2	443	TRUE	SIN	Asia Pacific	Singapore	984	47 ms
172.64.78.127	443	TRUE	SIN	Asia Pacific	Singapore	13335	48 ms
172.64.40.72	443	TRUE	BKK	Asia Pacific	Bangkok	13335	48 ms
172.64.40.76	443	TRUE	BKK	Asia Pacific	Bangkok	13335	49 ms
172.64.40.198	443	TRUE	BKK	Asia Pacific	Bangkok	13335	49 ms
172.64.40.53	443	TRUE	BKK	Asia Pacific	Bangkok	13335	50 ms
172.64.40.169	443	TRUE	BKK	Asia Pacific	Bangkok	13335	50 ms
172.64.40.73	443	TRUE	BKK	Asia Pacific	Bangkok	13335	51 ms
154.219.5.67	443	TRUE	BKK	Asia Pacific	Bangkok	209242	51 ms
172.64.78.206	443	TRUE	CGK	Asia Pacific	Jakarta	13335	52 ms
172.64.40.64	443	TRUE	BKK	Asia Pacific	Bangkok	13335	53 ms
172.64.40.63	443	TRUE	BKK	Asia Pacific	Bangkok	13335	53 ms
154.219.5.40	443	TRUE	BKK	Asia Pacific	Bangkok	209242	57 ms
154.219.5.153	443	TRUE	BKK	Asia Pacific	Bangkok	209242	57 ms
172.64.40.137	443	TRUE	BKK	Asia Pacific	Bangkok	13335	58 ms
172.64.40.250	443	TRUE	BKK	Asia Pacific	Bangkok	13335	58 ms
172.64.40.103	443	TRUE	BKK	Asia Pacific	Bangkok	13335	59 ms
154.219.5.33	443	TRUE	BKK	Asia Pacific	Bangkok	209242	60 ms
154.197.80.219	443	TRUE	BKK	Asia Pacific	Bangkok	209242	60 ms
172.64.40.202	443	TRUE	BKK	Asia Pacific	Bangkok	13335	61 ms
172.64.40.235	443	TRUE	BKK	Asia Pacific	Bangkok	13335	61 ms
154.197.80.137	443	TRUE	BKK	Asia Pacific	Bangkok	209242	61 ms
172.64.40.29	443	TRUE	BKK	Asia Pacific	Bangkok	13335	62 ms
154.219.5.190	443	TRUE	BKK	Asia Pacific	Bangkok	209242	62 ms
154.197.80.12	443	TRUE	BKK	Asia Pacific	Bangkok	209242	62 ms
172.64.40.128	443	TRUE	BKK	Asia Pacific	Bangkok	13335	62 ms
154.197.80.221	443	TRUE	BKK	Asia Pacific	Bangkok	209242	62 ms
172.64.40.88	443	TRUE	BKK	Asia Pacific	Bangkok	13335	63 ms
172.64.40.199	443	TRUE	BKK	Asia Pacific	Bangkok	13335	63 ms
172.64.40.105	443	TRUE	BKK	Asia Pacific	Bangkok	13335	63 ms
172.64.40.151	443	TRUE	BKK	Asia Pacific	Bangkok	13335	64 ms
172.64.78.128	443	TRUE	SIN	Asia Pacific	Singapore	13335	65 ms
154.197.80.98	443	TRUE	BKK	Asia Pacific	Bangkok	209242	65 ms
154.197.80.208	443	TRUE	BKK	Asia Pacific	Bangkok	209242	66 ms
172.64.40.133	443	TRUE	BKK	Asia Pacific	Bangkok	13335	69 ms
154.219.5.60	443	TRUE	BKK	Asia Pacific	Bangkok	209242	69 ms
172.64.40.153	443	TRUE	BKK	Asia Pacific	Bangkok	13335	70 ms
172.64.40.181	443	TRUE	BKK	Asia Pacific	Bangkok	13335	71 ms
154.219.5.118	443	TRUE	BKK	Asia Pacific	Bangkok	209242	72 ms
154.219.5.106	443	TRUE	BKK	Asia Pacific	Bangkok	209242	74 ms
172.64.40.90	443	TRUE	BKK	Asia Pacific	Bangkok	13335	74 ms
172.64.78.139	443	TRUE	SIN	Asia Pacific	Singapore	13335	74 ms
154.219.5.150	443	TRUE	BKK	Asia Pacific	Bangkok	209242	76 ms
51.79.254.182	443	TRUE	SIN	Asia Pacific	Singapore	16276	77 ms
172.64.40.84	443	TRUE	BKK	Asia Pacific	Bangkok	13335	78 ms
172.64.40.26	443	TRUE	BKK	Asia Pacific	Bangkok	13335	80 ms
154.219.5.115	443	TRUE	BKK	Asia Pacific	Bangkok	209242	81 ms
45.202.113.219	443	TRUE	SIN	Asia Pacific	Singapore	984	81 ms
58.176.95.46	443	TRUE	HKG	Asia Pacific	Hong Kong	9269	83 ms
154.197.80.120	443	TRUE	BKK	Asia Pacific	Bangkok	209242	83 ms
45.202.113.14	443	TRUE	SIN	Asia Pacific	Singapore	984	83 ms
172.64.40.177	443	TRUE	BKK	Asia Pacific	Bangkok	13335	84 ms
154.219.5.121	443	TRUE	BKK	Asia Pacific	Bangkok	209242	84 ms
172.64.40.75	443	TRUE	BKK	Asia Pacific	Bangkok	13335	84 ms
172.64.40.178	443	TRUE	BKK	Asia Pacific	Bangkok	13335	84 ms
38.47.204.86	443	TRUE	HKG	Asia Pacific	Hong Kong	140227	85 ms
45.202.113.135	443	TRUE	SIN	Asia Pacific	Singapore	984	85 ms
172.64.40.157	443	TRUE	BKK	Asia Pacific	Bangkok	13335	86 ms
172.64.40.184	443	TRUE	BKK	Asia Pacific	Bangkok	13335	88 ms
154.219.5.182	443	TRUE	BKK	Asia Pacific	Bangkok	209242	88 ms
154.197.80.232	443	TRUE	BKK	Asia Pacific	Bangkok	209242	89 ms
172.64.40.180	443	TRUE	BKK	Asia Pacific	Bangkok	13335	89 ms
154.219.5.209	443	TRUE	BKK	Asia Pacific	Bangkok	209242	90 ms
154.219.5.112	443	TRUE	BKK	Asia Pacific	Bangkok	209242	91 ms
172.64.40.87	443	TRUE	BKK	Asia Pacific	Bangkok	13335	91 ms
172.64.40.231	443	TRUE	BKK	Asia Pacific	Bangkok	13335	92 ms
45.202.113.39	443	TRUE	SIN	Asia Pacific	Singapore	984	92 ms
172.64.40.234	443	TRUE	BKK	Asia Pacific	Bangkok	13335	93 ms
172.64.40.93	443	TRUE	BKK	Asia Pacific	Bangkok	13335	94 ms
172.64.40.192	443	TRUE	BKK	Asia Pacific	Bangkok	13335	95 ms
172.64.40.189	443	TRUE	BKK	Asia Pacific	Bangkok	13335	95 ms
104.248.145.216	443	TRUE	SIN	Asia Pacific	Singapore	14061	95 ms
45.202.113.129	443	TRUE	SIN	Asia Pacific	Singapore	984	96 ms
154.219.5.114	443	TRUE	BKK	Asia Pacific	Bangkok	209242	97 ms
172.64.40.89	443	TRUE	BKK	Asia Pacific	Bangkok	13335	98 ms
172.64.78.206	443	TRUE	BOM	Asia Pacific	Mumbai	13335	98 ms
172.64.40.254	443	TRUE	BKK	Asia Pacific	Bangkok	13335	98 ms
172.64.40.97	443	TRUE	BKK	Asia Pacific	Bangkok	13335	100 ms
51.79.158.126	443	TRUE	SIN	Asia Pacific	Singapore	16276	100 ms
172.64.40.167	443	TRUE	BKK	Asia Pacific	Bangkok	13335	100 ms
172.64.40.81	443	TRUE	BKK	Asia Pacific	Bangkok	13335	101 ms
154.219.5.61	443	TRUE	BKK	Asia Pacific	Bangkok	209242	102 ms
154.219.5.69	443	TRUE	BKK	Asia Pacific	Bangkok	209242	103 ms
172.64.40.106	443	TRUE	BKK	Asia Pacific	Bangkok	13335	103 ms
154.219.5.4	443	TRUE	BKK	Asia Pacific	Bangkok	209242	103 ms
45.202.113.127	443	TRUE	SIN	Asia Pacific	Singapore	984	108 ms
154.219.5.95	443	TRUE	BKK	Asia Pacific	Bangkok	209242	108 ms
172.64.40.120	443	TRUE	BKK	Asia Pacific	Bangkok	13335	108 ms
154.219.5.175	443	TRUE	BKK	Asia Pacific	Bangkok	209242	109 ms
154.219.5.248	443	TRUE	BKK	Asia Pacific	Bangkok	209242	109 ms
154.219.5.252	443	TRUE	BKK	Asia Pacific	Bangkok	209242	109 ms
154.197.80.210	443	TRUE	BKK	Asia Pacific	Bangkok	209242	109 ms
45.202.113.59	443	TRUE	SIN	Asia Pacific	Singapore	984	110 ms
54.169.229.188	443	TRUE	SIN	Asia Pacific	Singapore	16509	110 ms
45.202.113.84	443	TRUE	SIN	Asia Pacific	Singapore	984	110 ms
172.64.40.147	443	TRUE	BKK	Asia Pacific	Bangkok	13335	110 ms
154.219.5.81	443	TRUE	BKK	Asia Pacific	Bangkok	209242	111 ms
172.64.78.199	443	TRUE	NRT	Asia Pacific	Tokyo	13335	112 ms
172.64.40.144	443	TRUE	BKK	Asia Pacific	Bangkok	13335	112 ms
154.219.5.207	443	TRUE	BKK	Asia Pacific	Bangkok	209242	112 ms
154.219.5.91	443	TRUE	BKK	Asia Pacific	Bangkok	209242	114 ms
172.64.40.166	443	TRUE	BKK	Asia Pacific	Bangkok	13335	116 ms
172.64.40.156	443	TRUE	BKK	Asia Pacific	Bangkok	13335	117 ms
172.64.78.55	443	TRUE	BOM	Asia Pacific	Mumbai	13335	117 ms
154.219.5.187	443	TRUE	BKK	Asia Pacific	Bangkok	209242	118 ms
172.64.78.224	443	TRUE	NRT	Asia Pacific	Tokyo	13335	121 ms
154.219.5.42	443	TRUE	BKK	Asia Pacific	Bangkok	209242	122 ms
149.28.21.106	443	TRUE	NRT	Asia Pacific	Tokyo	20473	123 ms
172.64.40.129	443	TRUE	BKK	Asia Pacific	Bangkok	13335	123 ms
45.202.113.71	443	TRUE	SIN	Asia Pacific	Singapore	984	124 ms
172.64.40.185	443	TRUE	BKK	Asia Pacific	Bangkok	13335	124 ms
154.219.5.177	443	TRUE	BKK	Asia Pacific	Bangkok	209242	124 ms
154.197.80.240	443	TRUE	BKK	Asia Pacific	Bangkok	209242	124 ms
172.64.40.86	443	TRUE	BKK	Asia Pacific	Bangkok	13335	125 ms
154.197.80.172	443	TRUE	BKK	Asia Pacific	Bangkok	209242	125 ms
154.219.5.176	443	TRUE	BKK	Asia Pacific	Bangkok	209242	125 ms
154.197.80.229	443	TRUE	BKK	Asia Pacific	Bangkok	209242	125 ms
45.202.113.92	443	TRUE	SIN	Asia Pacific	Singapore	984	126 ms
172.64.40.78	443	TRUE	BKK	Asia Pacific	Bangkok	13335	126 ms
45.202.113.7	443	TRUE	SIN	Asia Pacific	Singapore	984	127 ms
154.219.5.102	443	TRUE	BKK	Asia Pacific	Bangkok	209242	128 ms
172.64.40.71	443	TRUE	BKK	Asia Pacific	Bangkok	13335	128 ms
154.219.5.105	443	TRUE	BKK	Asia Pacific	Bangkok	209242	129 ms
45.202.113.220	443	TRUE	SIN	Asia Pacific	Singapore	984	131 ms
172.64.40.145	443	TRUE	BKK	Asia Pacific	Bangkok	13335	132 ms
172.64.40.19	443	TRUE	BKK	Asia Pacific	Bangkok	13335	132 ms
154.219.5.242	443	TRUE	BKK	Asia Pacific	Bangkok	209242	134 ms
45.202.113.156	443	TRUE	SIN	Asia Pacific	Singapore	984	135 ms
172.64.78.206	443	TRUE	CGK	Asia Pacific	Jakarta	13335	135 ms
172.64.40.135	443	TRUE	BKK	Asia Pacific	Bangkok	13335	136 ms
45.202.113.187	443	TRUE	SIN	Asia Pacific	Singapore	984	139 ms
172.64.40.119	443	TRUE	BKK	Asia Pacific	Bangkok	13335	140 ms
172.64.78.30	443	TRUE	SIN	Asia Pacific	Singapore	13335	140 ms
45.202.113.111	443	TRUE	SIN	Asia Pacific	Singapore	984	141 ms
154.219.5.35	443	TRUE	BKK	Asia Pacific	Bangkok	209242	144 ms
172.64.40.85	443	TRUE	BKK	Asia Pacific	Bangkok	13335	144 ms
154.197.80.198	443	TRUE	BKK	Asia Pacific	Bangkok	209242	146 ms
45.202.113.211	443	TRUE	SIN	Asia Pacific	Singapore	984	147 ms
45.202.113.125	443	TRUE	SIN	Asia Pacific	Singapore	984	148 ms
45.202.113.192	443	TRUE	SIN	Asia Pacific	Singapore	984	148 ms
45.202.113.191	443	TRUE	SIN	Asia Pacific	Singapore	984	150 ms
3.112.21.102	443	TRUE	NRT	Asia Pacific	Tokyo	16509	150 ms
172.64.40.116	443	TRUE	BKK	Asia Pacific	Bangkok	13335	150 ms
154.219.5.196	443	TRUE	BKK	Asia Pacific	Bangkok	209242	151 ms
45.202.113.182	443	TRUE	SIN	Asia Pacific	Singapore	984	152 ms
172.64.40.96	443	TRUE	BKK	Asia Pacific	Bangkok	13335	155 ms
45.202.113.79	443	TRUE	SIN	Asia Pacific	Singapore	984	155 ms
154.219.5.62	443	TRUE	BKK	Asia Pacific	Bangkok	209242	156 ms
52.74.101.26	443	TRUE	SIN	Asia Pacific	Singapore	16509	157 ms
172.64.78.127	443	TRUE	KIX	Asia Pacific	Osaka	13335	158 ms
45.202.113.40	443	TRUE	SIN	Asia Pacific	Singapore	984	159 ms
54.199.222.232	443	TRUE	NRT	Asia Pacific	Tokyo	16509	160 ms
154.219.5.183	443	TRUE	BKK	Asia Pacific	Bangkok	209242	160 ms
154.219.5.104	443	TRUE	BKK	Asia Pacific	Bangkok	209242	162 ms
54.249.135.43	443	TRUE	NRT	Asia Pacific	Tokyo	16509	162 ms
172.64.40.83	443	TRUE	BKK	Asia Pacific	Bangkok	13335	164 ms
3.113.64.82	443	TRUE	NRT	Asia Pacific	Tokyo	16509	165 ms
154.197.80.251	443	TRUE	BKK	Asia Pacific	Bangkok	209242	166 ms
217.142.243.226	443	TRUE	KIX	Asia Pacific	Osaka	31898	167 ms
172.64.40.121	443	TRUE	BKK	Asia Pacific	Bangkok	13335	168 ms
154.197.80.242	443	TRUE	BKK	Asia Pacific	Bangkok	209242	168 ms
54.248.121.219	443	TRUE	NRT	Asia Pacific	Tokyo	16509	168 ms
45.202.113.104	443	TRUE	SIN	Asia Pacific	Singapore	984	168 ms
154.219.5.103	443	TRUE	BKK	Asia Pacific	Bangkok	209242	168 ms
172.64.40.95	443	TRUE	BKK	Asia Pacific	Bangkok	13335	170 ms
45.202.113.206	443	TRUE	SIN	Asia Pacific	Singapore	984	171 ms
172.64.78.134	443	TRUE	KIX	Asia Pacific	Osaka	13335	172 ms
172.64.40.182	443	TRUE	BKK	Asia Pacific	Bangkok	13335	173 ms
172.64.40.124	443	TRUE	BKK	Asia Pacific	Bangkok	13335	174 ms
154.219.5.236	443	TRUE	BKK	Asia Pacific	Bangkok	209242	175 ms
45.202.113.169	443	TRUE	SIN	Asia Pacific	Singapore	984	176 ms
172.64.78.30	443	TRUE	CDG	Europe	Paris	13335	179 ms
85.235.151.34	443	TRUE	MXP	Europe	Milan	31034	183 ms
38.180.181.136	443	TRUE	FRA	Europe	Frankfurt	28753	187 ms
172.64.78.135	443	TRUE	FRA	Europe	Frankfurt	13335	189 ms
23.88.88.104	443	TRUE	CDG	Europe	Paris	24940	189 ms
154.219.5.194	443	TRUE	BKK	Asia Pacific	Bangkok	209242	189 ms
46.101.158.60	443	TRUE	FRA	Europe	Frankfurt	14061	189 ms
94.232.247.114	443	TRUE	CDG	Europe	Paris	44477	189 ms
195.201.37.216	443	TRUE	FRA	Europe	Frankfurt	24940	190 ms
45.202.113.209	443	TRUE	SIN	Asia Pacific	Singapore	984	190 ms
3.127.15.79	443	TRUE	FRA	Europe	Frankfurt	16509	190 ms
194.113.153.237	443	TRUE	AMS	Europe	Amsterdam	0	190 ms
172.64.78.104	443	TRUE	FRA	Europe	Frankfurt	13335	190 ms
89.110.83.233	443	TRUE	AMS	Europe	Amsterdam	216071	191 ms
194.164.35.86	443	TRUE	AMS	Europe	Amsterdam	216071	191 ms
85.10.196.145	443	TRUE	CDG	Europe	Paris	24940	191 ms
45.129.140.28	443	TRUE	AMS	Europe	Amsterdam	50473	192 ms
103.137.249.117	443	TRUE	AMS	Europe	Amsterdam	0	192 ms
194.58.33.42	443	TRUE	FRA	Europe	Frankfurt	216127	192 ms
194.28.224.99	443	TRUE	FRA	Europe	Frankfurt	199785	192 ms
31.172.74.223	443	TRUE	AMS	Europe	Amsterdam	49981	192 ms
3.66.115.225	443	TRUE	FRA	Europe	Frankfurt	16509	192 ms
194.60.133.114	443	TRUE	AMS	Europe	Amsterdam	216071	192 ms
109.234.34.136	443	TRUE	AMS	Europe	Amsterdam	216071	192 ms
172.64.78.145	443	TRUE	CDG	Europe	Paris	13335	192 ms
46.151.24.173	443	TRUE	AMS	Europe	Amsterdam	216071	192 ms
5.45.66.67	443	TRUE	AMS	Europe	Amsterdam	58061	193 ms
45.43.91.36	443	TRUE	AMS	Europe	Amsterdam	0	193 ms
172.64.40.207	443	TRUE	BKK	Asia Pacific	Bangkok	13335	193 ms
194.58.39.80	443	TRUE	AMS	Europe	Amsterdam	211014	193 ms
77.238.247.131	443	TRUE	AMS	Europe	Amsterdam	216071	193 ms
172.64.78.142	443	TRUE	FRA	Europe	Frankfurt	13335	193 ms
3.68.62.122	443	TRUE	FRA	Europe	Frankfurt	16509	193 ms
38.180.133.200	443	TRUE	AMS	Europe	Amsterdam	58061	193 ms
45.137.70.38	443	TRUE	FRA	Europe	Frankfurt	203446	193 ms
185.70.184.237	443	TRUE	AMS	Europe	Amsterdam	57043	193 ms
93.114.133.159	443	TRUE	LHR	Europe	London	202448	194 ms
3.79.117.14	443	TRUE	FRA	Europe	Frankfurt	16509	194 ms
2.59.183.26	443	TRUE	AMS	Europe	Amsterdam	199058	194 ms
45.202.113.147	443	TRUE	SIN	Asia Pacific	Singapore	984	194 ms
213.142.147.177	443	TRUE	AMS	Europe	Amsterdam	58061	194 ms
3.70.219.196	443	TRUE	FRA	Europe	Frankfurt	16509	194 ms
5.45.68.7	443	TRUE	AMS	Europe	Amsterdam	58061	194 ms
77.238.248.43	443	TRUE	AMS	Europe	Amsterdam	216071	194 ms
109.234.39.40	443	TRUE	AMS	Europe	Amsterdam	216071	194 ms
91.90.194.87	443	TRUE	AMS	Europe	Amsterdam	21100	194 ms
3.78.125.180	443	TRUE	FRA	Europe	Frankfurt	16509	195 ms
89.42.142.79	443	TRUE	AMS	Europe	Amsterdam	199058	195 ms
195.201.148.147	443	TRUE	CDG	Europe	Paris	24940	195 ms
38.180.232.178	443	TRUE	AMS	Europe	Amsterdam	174	195 ms
193.233.74.114	443	TRUE	FRA	Europe	Frankfurt	215590	195 ms
5.35.68.180	443	TRUE	AMS	Europe	Amsterdam	216071	195 ms
109.237.97.1	443	TRUE	FRA	Europe	Frankfurt	0	195 ms
194.147.33.13	443	TRUE	AMS	Europe	Amsterdam	41745	195 ms
5.35.70.155	443	TRUE	AMS	Europe	Amsterdam	216071	195 ms
94.177.8.11	443	TRUE	VIE	Europe	Vienna	40994	195 ms
3.76.154.119	443	TRUE	FRA	Europe	Frankfurt	16509	195 ms
194.147.115.132	443	TRUE	AMS	Europe	Amsterdam	52000	196 ms
51.158.205.169	443	TRUE	AMS	Europe	Amsterdam	12876	196 ms
194.147.149.55	443	TRUE	AMS	Europe	Amsterdam	52000	196 ms
89.110.116.141	443	TRUE	AMS	Europe	Amsterdam	0	196 ms
89.42.142.220	443	TRUE	AMS	Europe	Amsterdam	199058	196 ms
172.64.78.128	443	TRUE	FRA	Europe	Frankfurt	13335	196 ms
193.233.16.39	443	TRUE	FRA	Europe	Frankfurt	216127	196 ms
3.127.55.133	443	TRUE	FRA	Europe	Frankfurt	16509	196 ms
5.61.57.62	443	TRUE	AMS	Europe	Amsterdam	58061	196 ms
162.55.219.102	443	TRUE	CDG	Europe	Paris	24940	196 ms
5.9.192.27	443	TRUE	FRA	Europe	Frankfurt	24940	196 ms
45.45.218.232	443	TRUE	LAX	North America	Los Angeles	63473	196 ms
193.176.179.89	443	TRUE	CDG	Europe	Paris	56971	197 ms
193.176.179.117	443	TRUE	CDG	Europe	Paris	56971	197 ms
194.58.44.39	443	TRUE	AMS	Europe	Amsterdam	0	197 ms
212.111.88.14	443	TRUE	AMS	Europe	Amsterdam	216071	197 ms
116.202.31.174	443	TRUE	FRA	Europe	Frankfurt	24940	197 ms
46.183.25.52	443	TRUE	LAX	North America	Los Angeles	212238	197 ms
109.234.34.182	443	TRUE	AMS	Europe	Amsterdam	216071	197 ms
212.192.215.163	443	TRUE	AMS	Europe	Amsterdam	26383	198 ms
45.145.4.254	443	TRUE	CDG	Europe	Paris	56971	198 ms
89.169.13.214	443	TRUE	FRA	Europe	Frankfurt	31514	198 ms
194.164.32.50	443	TRUE	AMS	Europe	Amsterdam	216071	198 ms
5.35.36.66	443	TRUE	AMS	Europe	Amsterdam	216071	198 ms
46.17.102.31	443	TRUE	AMS	Europe	Amsterdam	57043	198 ms
5.35.69.209	443	TRUE	AMS	Europe	Amsterdam	216071	198 ms
178.62.210.202	443	TRUE	FRA	Europe	Frankfurt	14061	198 ms
51.178.207.109	443	TRUE	CDG	Europe	Paris	16276	198 ms
89.110.117.195	443	TRUE	DME	Europe	Moscow	0	198 ms
165.227.140.178	443	TRUE	FRA	Europe	Frankfurt	14061	198 ms
2.59.183.159	443	TRUE	AMS	Europe	Amsterdam	199058	199 ms
89.110.113.74	443	TRUE	AMS	Europe	Amsterdam	0	199 ms
91.132.224.166	443	TRUE	AMS	Europe	Amsterdam	0	199 ms
162.159.160.164	443	TRUE	ATH	Europe	Athens	13335	199 ms
185.130.225.64	443	TRUE	AMS	Europe	Amsterdam	57043	199 ms
91.149.239.64	443	TRUE	LAX	North America	Los Angeles	26383	199 ms
57.129.47.203	443	TRUE	FRA	Europe	Frankfurt	16276	199 ms
104.128.190.209	443	TRUE	LHR	Europe	London	42831	199 ms
91.149.233.40	443	TRUE	FRA	Europe	Frankfurt	26383	199 ms
5.35.71.48	443	TRUE	AMS	Europe	Amsterdam	216071	199 ms
109.169.76.23	443	TRUE	LHR	Europe	London	20860	199 ms
24.144.78.203	443	TRUE	AMS	Europe	Amsterdam	14061	199 ms
44.230.218.23	443	TRUE	PDX	North America	Portland	16509	200 ms
43.155.22.176	443	TRUE	HKG	Asia Pacific	Hong Kong	132203	200 ms
86.48.6.46	443	TRUE	FRA	Europe	Frankfurt	51167	200 ms
93.113.171.31	443	TRUE	AMS	Europe	Amsterdam	26383	200 ms
51.75.30.94	443	TRUE	CDG	Europe	Paris	16276	200 ms
57.129.40.135	443	TRUE	FRA	Europe	Frankfurt	16276	200 ms
116.203.58.165	443	TRUE	CDG	Europe	Paris	24940	200 ms
3.76.179.225	443	TRUE	FRA	Europe	Frankfurt	16509	200 ms
172.64.78.0	443	TRUE	FRA	Europe	Frankfurt	13335	201 ms
77.91.72.82	443	TRUE	VIE	Europe	Vienna	44477	201 ms
95.214.11.208	443	TRUE	FRA	Europe	Frankfurt	200740	201 ms
89.42.142.147	443	TRUE	AMS	Europe	Amsterdam	199058	201 ms
185.44.67.58	443	TRUE	LHR	Europe	London	49683	201 ms
194.135.83.173	443	TRUE	WAW	Europe	Warsaw	212531	201 ms
194.60.133.33	443	TRUE	AMS	Europe	Amsterdam	216071	201 ms
185.66.165.51	443	TRUE	FRA	Europe	Frankfurt	48152	201 ms
104.248.247.105	443	TRUE	FRA	Europe	Frankfurt	14061	201 ms
45.129.3.158	443	TRUE	WAW	Europe	Warsaw	51659	201 ms
51.83.172.96	443	TRUE	WAW	Europe	Warsaw	16276	201 ms
2.59.183.140	443	TRUE	AMS	Europe	Amsterdam	199058	201 ms
185.103.252.54	443	TRUE	FRA	Europe	Frankfurt	200740	201 ms
172.64.78.135	443	TRUE	OTP	Europe	Bucharest	13335	202 ms
192.236.249.92	443	TRUE	AMS	Europe	Amsterdam	54290	202 ms
51.158.127.207	443	TRUE	CDG	Europe	Paris	12876	202 ms
81.22.132.217	443	TRUE	AMS	Europe	Amsterdam	199058	202 ms
52.58.52.105	443	TRUE	FRA	Europe	Frankfurt	16509	202 ms
45.202.113.233	443	TRUE	SIN	Asia Pacific	Singapore	984	202 ms
89.110.77.192	443	TRUE	AMS	Europe	Amsterdam	216071	202 ms
31.172.73.59	443	TRUE	FRA	Europe	Frankfurt	44051	202 ms
2.59.183.42	443	TRUE	AMS	Europe	Amsterdam	199058	202 ms
193.124.188.208	443	TRUE	AMS	Europe	Amsterdam	200740	202 ms
162.159.160.51	443	TRUE	ATH	Europe	Athens	13335	202 ms
89.110.108.49	443	TRUE	AMS	Europe	Amsterdam	0	202 ms
89.58.56.175	443	TRUE	FRA	Europe	Frankfurt	197540	202 ms
5.45.71.98	443	TRUE	AMS	Europe	Amsterdam	58061	202 ms
194.146.39.128	443	TRUE	AMS	Europe	Amsterdam	41436	202 ms
89.110.107.122	443	TRUE	AMS	Europe	Amsterdam	0	202 ms
193.176.153.197	443	TRUE	CDG	Europe	Paris	56971	203 ms
195.184.247.6	443	TRUE	LHR	Europe	London	47272	203 ms
2.59.183.197	443	TRUE	AMS	Europe	Amsterdam	199058	203 ms
192.236.249.93	443	TRUE	AMS	Europe	Amsterdam	54290	203 ms
89.110.109.64	443	TRUE	AMS	Europe	Amsterdam	0	203 ms
213.1.145.50	443	TRUE	LHR	Europe	London	2856	203 ms
192.236.249.101	443	TRUE	AMS	Europe	Amsterdam	54290	203 ms
5.35.37.45	443	TRUE	AMS	Europe	Amsterdam	216071	203 ms
2.59.183.210	443	TRUE	AMS	Europe	Amsterdam	199058	203 ms
64.225.93.216	443	TRUE	FRA	Europe	Frankfurt	14061	203 ms
192.236.249.88	443	TRUE	AMS	Europe	Amsterdam	54290	203 ms
51.178.207.109	443	TRUE	AMS	Europe	Amsterdam	16276	203 ms
194.26.232.141	443	TRUE	AMS	Europe	Amsterdam	211381	203 ms
2.56.179.250	443	TRUE	AMS	Europe	Amsterdam	44477	203 ms
31.172.71.113	443	TRUE	FRA	Europe	Frankfurt	44051	203 ms
45.202.113.73	443	TRUE	SIN	Asia Pacific	Singapore	984	204 ms
45.136.70.204	443	TRUE	CPH	Europe	Copenhagen	44803	204 ms
31.172.72.83	443	TRUE	FRA	Europe	Frankfurt	44051	204 ms
138.197.183.219	443	TRUE	FRA	Europe	Frankfurt	14061	204 ms
188.245.60.65	443	TRUE	FRA	Europe	Frankfurt	24940	204 ms
49.13.230.13	443	TRUE	CDG	Europe	Paris	24940	204 ms
109.107.185.199	443	TRUE	AMS	Europe	Amsterdam	216071	204 ms
2.59.183.181	443	TRUE	AMS	Europe	Amsterdam	199058	204 ms
3.67.232.136	443	TRUE	FRA	Europe	Frankfurt	16509	204 ms
5.75.193.134	443	TRUE	CDG	Europe	Paris	24940	204 ms
51.75.70.34	443	TRUE	FRA	Europe	Frankfurt	16276	204 ms
104.168.146.122	443	TRUE	SEA	North America	Seattle	54290	204 ms
213.183.48.227	443	TRUE	DME	Europe	Moscow	56630	205 ms
51.15.125.124	443	TRUE	AMS	Europe	Amsterdam	12876	205 ms
134.209.82.72	443	TRUE	LHR	Europe	London	14061	205 ms
45.66.228.98	443	TRUE	FRA	Europe	Frankfurt	207459	205 ms
91.149.203.145	443	TRUE	FRA	Europe	Frankfurt	26383	205 ms
57.128.197.158	443	TRUE	WAW	Europe	Warsaw	16276	205 ms
46.101.243.68	443	TRUE	FRA	Europe	Frankfurt	14061	205 ms
80.76.32.97	443	TRUE	FRA	Europe	Frankfurt	200740	205 ms
2.59.183.53	443	TRUE	AMS	Europe	Amsterdam	199058	205 ms
2.59.183.77	443	TRUE	AMS	Europe	Amsterdam	199058	205 ms
64.225.68.226	443	TRUE	LHR	Europe	London	14061	205 ms
45.62.115.60	443	TRUE	LAX	North America	Los Angeles	25820	205 ms
49.13.11.15	443	TRUE	FRA	Europe	Frankfurt	24940	205 ms
192.236.249.90	443	TRUE	AMS	Europe	Amsterdam	54290	205 ms
51.254.6.14	443	TRUE	AMS	Europe	Amsterdam	16276	205 ms
212.111.80.5	443	TRUE	AMS	Europe	Amsterdam	216071	206 ms
49.12.210.182	443	TRUE	FRA	Europe	Frankfurt	24940	206 ms
192.236.249.91	443	TRUE	AMS	Europe	Amsterdam	54290	206 ms
116.203.187.199	443	TRUE	CDG	Europe	Paris	24940	206 ms
193.32.178.24	443	TRUE	AMS	Europe	Amsterdam	41745	206 ms
194.164.32.32	443	TRUE	AMS	Europe	Amsterdam	216071	206 ms
54.36.162.122	443	TRUE	LHR	Europe	London	16276	206 ms
37.192.41.195	443	TRUE	TLL	Europe	Tallinn	31200	206 ms
192.236.193.108	443	TRUE	AMS	Europe	Amsterdam	54290	206 ms
49.12.230.233	443	TRUE	CDG	Europe	Paris	24940	206 ms
134.209.200.185	443	TRUE	LHR	Europe	London	14061	206 ms
51.89.255.67	443	TRUE	LHR	Europe	London	16276	206 ms
104.248.199.175	443	TRUE	FRA	Europe	Frankfurt	14061	206 ms
49.13.72.125	443	TRUE	FRA	Europe	Frankfurt	24940	206 ms
193.32.178.22	443	TRUE	AMS	Europe	Amsterdam	41745	207 ms
89.58.55.33	443	TRUE	FRA	Europe	Frankfurt	197540	207 ms
193.124.35.109	443	TRUE	FRA	Europe	Frankfurt	44620	207 ms
95.179.130.252	443	TRUE	AMS	Europe	Amsterdam	20473	207 ms
109.107.186.109	443	TRUE	AMS	Europe	Amsterdam	216071	207 ms
192.236.249.99	443	TRUE	AMS	Europe	Amsterdam	54290	207 ms
54.74.167.219	443	TRUE	DUB	Europe	Dublin	16509	207 ms
195.133.65.232	443	TRUE	FRA	Europe	Frankfurt	0	207 ms
94.141.101.102	443	TRUE	FRA	Europe	Frankfurt	215590	207 ms
49.13.88.123	443	TRUE	FRA	Europe	Frankfurt	24940	207 ms
154.219.5.113	443	TRUE	BKK	Asia Pacific	Bangkok	209242	207 ms
172.64.78.142	443	TRUE	CDG	Europe	Paris	13335	207 ms
49.13.68.68	443	TRUE	FRA	Europe	Frankfurt	24940	208 ms
104.248.32.165	443	TRUE	FRA	Europe	Frankfurt	14061	208 ms
51.83.193.204	443	TRUE	WAW	Europe	Warsaw	16276	208 ms
89.169.13.207	443	TRUE	FRA	Europe	Frankfurt	31514	208 ms
52.89.138.13	443	TRUE	PDX	North America	Portland	16509	208 ms
194.58.57.113	443	TRUE	FRA	Europe	Frankfurt	43641	208 ms
45.91.237.85	443	TRUE	AMS	Europe	Amsterdam	44477	208 ms
49.12.44.192	443	TRUE	FRA	Europe	Frankfurt	24940	208 ms
193.0.239.232	443	TRUE	RIX	Europe	Riga	24589	208 ms
207.174.30.58	443	TRUE	AMS	Europe	Amsterdam	26383	208 ms
91.90.192.167	443	TRUE	AMS	Europe	Amsterdam	21100	208 ms
162.159.160.125	443	TRUE	ATH	Europe	Athens	13335	208 ms
172.64.78.30	443	TRUE	FRA	Europe	Frankfurt	13335	208 ms
198.41.219.27	443	TRUE	SJC	North America	San Jose	13335	208 ms
193.176.179.119	443	TRUE	CDG	Europe	Paris	56971	208 ms
64.225.76.104	443	TRUE	LHR	Europe	London	14061	208 ms
46.8.71.70	443	TRUE	ARN	Europe	Stockholm	0	208 ms
92.246.139.86	443	TRUE	FRA	Europe	Frankfurt	210644	208 ms
147.45.45.136	443	TRUE	FRA	Europe	Frankfurt	215826	208 ms
87.236.177.137	443	TRUE	AMS	Europe	Amsterdam	207728	208 ms
89.58.55.193	443	TRUE	FRA	Europe	Frankfurt	197540	209 ms
89.110.118.183	443	TRUE	AMS	Europe	Amsterdam	0	209 ms
5.187.4.13	443	TRUE	FRA	Europe	Frankfurt	44051	209 ms
5.35.37.83	443	TRUE	AMS	Europe	Amsterdam	216071	209 ms
50.112.33.254	443	TRUE	PDX	North America	Portland	16509	209 ms
49.12.76.15	443	TRUE	FRA	Europe	Frankfurt	24940	209 ms
45.76.82.192	443	TRUE	FRA	Europe	Frankfurt	20473	209 ms
109.235.246.34	443	TRUE	TLL	Europe	Tallinn	8728	210 ms
18.134.37.97	443	TRUE	LHR	Europe	London	16509	210 ms
5.75.202.87	443	TRUE	CDG	Europe	Paris	24940	210 ms
142.171.12.22	443	TRUE	LAX	North America	Los Angeles	35916	210 ms
172.64.40.158	443	TRUE	BKK	Asia Pacific	Bangkok	13335	210 ms
5.45.86.186	443	TRUE	AMS	Europe	Amsterdam	58061	210 ms
54.200.244.93	443	TRUE	PDX	North America	Portland	16509	210 ms
80.211.194.250	443	TRUE	PRG	Europe	Prague	24806	210 ms
104.248.128.137	443	TRUE	FRA	Europe	Frankfurt	14061	210 ms
38.49.38.178	443	TRUE	LAX	North America	Los Angeles	8796	210 ms
162.159.160.100	443	TRUE	ATH	Europe	Athens	13335	210 ms
198.41.219.230	443	TRUE	SJC	North America	San Jose	13335	210 ms
5.45.66.11	443	TRUE	AMS	Europe	Amsterdam	58061	210 ms
5.39.219.35	443	TRUE	AMS	Europe	Amsterdam	57043	210 ms
2.59.183.56	443	TRUE	AMS	Europe	Amsterdam	199058	210 ms
37.1.202.160	443	TRUE	AMS	Europe	Amsterdam	58061	210 ms
162.159.160.136	443	TRUE	ATH	Europe	Athens	13335	211 ms
194.58.44.69	443	TRUE	AMS	Europe	Amsterdam	0	211 ms
5.35.46.16	443	TRUE	AMS	Europe	Amsterdam	216071	211 ms
45.32.153.158	443	TRUE	FRA	Europe	Frankfurt	20473	211 ms
49.13.92.32	443	TRUE	FRA	Europe	Frankfurt	24940	211 ms
89.58.53.205	443	TRUE	FRA	Europe	Frankfurt	197540	211 ms
37.1.207.228	443	TRUE	AMS	Europe	Amsterdam	58061	211 ms
195.226.194.166	443	TRUE	AMS	Europe	Amsterdam	0	211 ms
206.189.14.85	443	TRUE	LHR	Europe	London	14061	211 ms
51.178.231.65	443	TRUE	CDG	Europe	Paris	16276	211 ms
49.12.2.21	443	TRUE	FRA	Europe	Frankfurt	24940	211 ms
46.101.198.194	443	TRUE	FRA	Europe	Frankfurt	14061	211 ms
185.225.201.210	443	TRUE	FRA	Europe	Frankfurt	210644	211 ms
198.41.219.194	443	TRUE	SJC	North America	San Jose	13335	211 ms
2.59.163.42	443	TRUE	WAW	Europe	Warsaw	44676	211 ms
54.71.238.195	443	TRUE	PDX	North America	Portland	16509	211 ms
162.159.160.4	443	TRUE	ATH	Europe	Athens	13335	212 ms
57.128.197.158	443	TRUE	WAW	Europe	Warsaw	16276	212 ms
146.190.30.138	443	TRUE	LHR	Europe	London	14061	212 ms
136.244.118.247	443	TRUE	CDG	Europe	Paris	20473	212 ms
54.213.214.160	443	TRUE	PDX	North America	Portland	16509	212 ms
104.248.193.151	443	TRUE	FRA	Europe	Frankfurt	14061	212 ms
193.176.153.198	443	TRUE	CDG	Europe	Paris	56971	212 ms
194.26.232.203	443	TRUE	AMS	Europe	Amsterdam	211381	212 ms
193.168.143.152	443	TRUE	OTP	Europe	Bucharest	39622	212 ms
162.159.160.177	443	TRUE	ATH	Europe	Athens	13335	212 ms
49.13.124.138	443	TRUE	FRA	Europe	Frankfurt	24940	212 ms
49.13.64.206	443	TRUE	FRA	Europe	Frankfurt	24940	212 ms
162.159.206.115	443	TRUE	SJC	North America	San Jose	13335	212 ms
194.127.178.104	443	TRUE	AMS	Europe	Amsterdam	62240	212 ms
3.124.208.189	443	TRUE	FRA	Europe	Frankfurt	16509	212 ms
162.159.206.142	443	TRUE	SJC	North America	San Jose	13335	212 ms
198.41.219.119	443	TRUE	SJC	North America	San Jose	13335	213 ms
38.180.30.67	443	TRUE	AMS	Europe	Amsterdam	9009	213 ms
49.12.110.72	443	TRUE	FRA	Europe	Frankfurt	24940	213 ms
94.130.72.184	443	TRUE	CDG	Europe	Paris	24940	213 ms
188.166.148.48	443	TRUE	LHR	Europe	London	14061	213 ms
148.135.119.153	443	TRUE	LAX	North America	Los Angeles	35916	213 ms
89.150.40.4	443	TRUE	ARN	Europe	Stockholm	59711	213 ms
188.245.203.5	443	TRUE	FRA	Europe	Frankfurt	24940	213 ms
74.48.183.231	443	TRUE	LAX	North America	Los Angeles	35916	213 ms
198.41.219.232	443	TRUE	SJC	North America	San Jose	13335	213 ms
5.45.95.88	443	TRUE	AMS	Europe	Amsterdam	58061	213 ms
185.55.240.251	443	TRUE	CDG	Europe	Paris	49434	213 ms
45.82.176.46	443	TRUE	AMS	Europe	Amsterdam	204601	213 ms
162.159.160.163	443	TRUE	ATH	Europe	Athens	13335	213 ms
185.235.128.228	443	TRUE	AMS	Europe	Amsterdam	211381	213 ms
154.23.240.58	443	TRUE	LAX	North America	Los Angeles	8796	213 ms
212.34.153.46	443	TRUE	AMS	Europe	Amsterdam	0	213 ms
88.218.76.170	443	TRUE	FRA	Europe	Frankfurt	29066	213 ms
193.239.160.24	443	TRUE	SOF	Europe	Sofia	200740	213 ms
89.110.65.44	443	TRUE	AMS	Europe	Amsterdam	216071	213 ms
162.159.160.210	443	TRUE	ATH	Europe	Athens	13335	214 ms
109.120.179.149	443	TRUE	FRA	Europe	Frankfurt	210644	214 ms
198.41.219.75	443	TRUE	SJC	North America	San Jose	13335	214 ms
194.58.39.159	443	TRUE	AMS	Europe	Amsterdam	211014	214 ms
49.12.237.71	443	TRUE	CDG	Europe	Paris	24940	214 ms
80.76.32.54	443	TRUE	FRA	Europe	Frankfurt	200740	214 ms
198.41.219.90	443	TRUE	SJC	North America	San Jose	13335	214 ms
5.35.39.228	443	TRUE	AMS	Europe	Amsterdam	216071	214 ms
192.248.177.3	443	TRUE	FRA	Europe	Frankfurt	20473	214 ms
194.147.115.149	443	TRUE	AMS	Europe	Amsterdam	52000	214 ms
109.120.178.197	443	TRUE	FRA	Europe	Frankfurt	210644	214 ms
51.210.150.130	443	TRUE	CDG	Europe	Paris	16276	214 ms
5.2.67.113	443	TRUE	AMS	Europe	Amsterdam	60404	215 ms
192.236.249.95	443	TRUE	AMS	Europe	Amsterdam	54290	215 ms
91.228.10.199	443	TRUE	MAN	Europe	Manchester	44477	215 ms
51.210.96.90	443	TRUE	CDG	Europe	Paris	16276	215 ms
95.216.17.80	443	TRUE	AMS	Europe	Amsterdam	24940	215 ms
198.41.219.11	443	TRUE	SJC	North America	San Jose	13335	215 ms
109.237.98.44	443	TRUE	FRA	Europe	Frankfurt	0	215 ms
162.159.160.231	443	TRUE	ATH	Europe	Athens	13335	215 ms
109.235.246.35	443	TRUE	TLL	Europe	Tallinn	8728	215 ms
78.47.75.170	443	TRUE	FRA	Europe	Frankfurt	24940	216 ms
213.165.88.177	443	TRUE	LHR	Europe	London	8560	216 ms
109.235.246.37	443	TRUE	TLL	Europe	Tallinn	8728	216 ms
198.41.219.230	443	TRUE	SJC	North America	San Jose	13335	216 ms
185.157.213.175	443	TRUE	AMS	Europe	Amsterdam	0	216 ms
198.41.219.130	443	TRUE	SJC	North America	San Jose	13335	216 ms
192.236.249.97	443	TRUE	AMS	Europe	Amsterdam	54290	216 ms
162.159.160.235	443	TRUE	ATH	Europe	Athens	13335	216 ms
104.248.17.101	443	TRUE	FRA	Europe	Frankfurt	14061	216 ms
3.9.12.200	443	TRUE	LHR	Europe	London	16509	216 ms
88.151.195.18	443	TRUE	KBP	Europe	Kyiv	26383	216 ms
91.107.185.122	443	TRUE	FRA	Europe	Frankfurt	24940	216 ms
88.218.78.34	443	TRUE	FRA	Europe	Frankfurt	29066	216 ms
18.156.209.101	443	TRUE	FRA	Europe	Frankfurt	16509	216 ms
162.159.160.134	443	TRUE	ATH	Europe	Athens	13335	216 ms
192.236.249.98	443	TRUE	AMS	Europe	Amsterdam	54290	216 ms
198.41.219.169	443	TRUE	SJC	North America	San Jose	13335	217 ms
38.135.55.74	443	TRUE	FRA	Europe	Frankfurt	26383	217 ms
109.120.176.116	443	TRUE	FRA	Europe	Frankfurt	210644	217 ms
162.159.206.127	443	TRUE	SJC	North America	San Jose	13335	217 ms
162.159.206.61	443	TRUE	SJC	North America	San Jose	13335	217 ms
188.245.89.169	443	TRUE	FRA	Europe	Frankfurt	24940	217 ms
193.187.173.156	443	TRUE	AMS	Europe	Amsterdam	56971	217 ms
52.42.71.111	443	TRUE	SEA	North America	Seattle	16509	217 ms
207.154.209.161	443	TRUE	FRA	Europe	Frankfurt	14061	217 ms
172.64.40.162	443	TRUE	BKK	Asia Pacific	Bangkok	13335	217 ms
162.159.206.66	443	TRUE	SJC	North America	San Jose	13335	217 ms
194.58.68.145	443	TRUE	AMS	Europe	Amsterdam	26383	217 ms
51.81.209.10	443	TRUE	PDX	North America	Portland	16276	217 ms
91.107.139.147	443	TRUE	FRA	Europe	Frankfurt	24940	217 ms
51.15.210.1	443	TRUE	CDG	Europe	Paris	12876	218 ms
88.218.76.154	443	TRUE	FRA	Europe	Frankfurt	29066	218 ms
192.236.249.100	443	TRUE	AMS	Europe	Amsterdam	54290	218 ms
51.75.149.52	443	TRUE	FRA	Europe	Frankfurt	16276	218 ms
46.46.137.151	443	TRUE	WAW	Europe	Warsaw	29470	218 ms
162.159.160.16	443	TRUE	ATH	Europe	Athens	13335	218 ms
74.211.99.31	443	TRUE	LAX	North America	Los Angeles	25820	218 ms
31.172.70.6	443	TRUE	FRA	Europe	Frankfurt	44051	218 ms
94.103.81.63	443	TRUE	AMS	Europe	Amsterdam	216071	218 ms
81.22.132.3	443	TRUE	AMS	Europe	Amsterdam	199058	218 ms
2.58.65.168	443	TRUE	FRA	Europe	Frankfurt	44051	218 ms
162.159.206.147	443	TRUE	SJC	North America	San Jose	13335	219 ms
147.45.167.39	443	TRUE	FRA	Europe	Frankfurt	0	219 ms
198.41.219.169	443	TRUE	SJC	North America	San Jose	13335	219 ms
198.41.219.53	443	TRUE	SJC	North America	San Jose	13335	219 ms
5.45.67.208	443	TRUE	AMS	Europe	Amsterdam	58061	219 ms
193.176.158.131	443	TRUE	CDG	Europe	Paris	56971	219 ms
51.12.217.144	443	TRUE	ARN	Europe	Stockholm	8075	219 ms
213.183.53.33	443	TRUE	HAM	Europe	Hamburg	56630	219 ms
89.58.39.163	443	TRUE	FRA	Europe	Frankfurt	197540	219 ms
51.254.6.14	443	TRUE	CDG	Europe	Paris	16276	219 ms
89.44.194.160	443	TRUE	FRA	Europe	Frankfurt	202422	219 ms
219.111.17.202	443	TRUE	KIX	Asia Pacific	Osaka	2497	219 ms
38.180.96.90	443	TRUE	AMS	Europe	Amsterdam	58061	219 ms
95.216.206.37	443	TRUE	HEL	Europe	Helsinki	24940	219 ms
198.41.219.114	443	TRUE	SJC	North America	San Jose	13335	220 ms
18.135.67.188	443	TRUE	LHR	Europe	London	16509	220 ms
72.18.81.240	443	TRUE	LAX	North America	Los Angeles	35916	220 ms
103.90.73.117	443	TRUE	AMS	Europe	Amsterdam	0	220 ms
195.184.247.8	443	TRUE	LHR	Europe	London	47272	220 ms
147.45.227.233	443	TRUE	AMS	Europe	Amsterdam	9123	220 ms
198.41.219.168	443	TRUE	SJC	North America	San Jose	13335	220 ms
5.39.216.87	443	TRUE	AMS	Europe	Amsterdam	57043	220 ms
91.226.124.53	443	TRUE	AMS	Europe	Amsterdam	35415	220 ms
162.159.206.25	443	TRUE	SJC	North America	San Jose	13335	220 ms
46.101.233.205	443	TRUE	FRA	Europe	Frankfurt	14061	220 ms
162.159.206.244	443	TRUE	SJC	North America	San Jose	13335	220 ms
209.38.39.114	443	TRUE	LHR	Europe	London	14061	221 ms
5.39.217.23	443	TRUE	AMS	Europe	Amsterdam	57043	221 ms
65.108.245.196	443	TRUE	HEL	Europe	Helsinki	24940	221 ms
198.41.219.38	443	TRUE	SJC	North America	San Jose	13335	221 ms
91.107.148.111	443	TRUE	CDG	Europe	Paris	24940	221 ms
213.159.77.78	443	TRUE	VIE	Europe	Vienna	0	221 ms
162.159.206.109	443	TRUE	SJC	North America	San Jose	13335	221 ms
198.41.219.251	443	TRUE	SJC	North America	San Jose	13335	221 ms
193.239.160.45	443	TRUE	SOF	Europe	Sofia	200740	221 ms
148.135.119.153	443	TRUE	LAX	North America	Los Angeles	35916	221 ms
198.41.219.68	443	TRUE	SJC	North America	San Jose	13335	221 ms
162.159.206.30	443	TRUE	SJC	North America	San Jose	13335	221 ms
198.41.219.36	443	TRUE	SJC	North America	San Jose	13335	221 ms
172.201.76.19	443	TRUE	AMS	Europe	Amsterdam	8075	222 ms
194.13.81.146	443	TRUE	FRA	Europe	Frankfurt	197540	222 ms
54.36.5.242	443	TRUE	CDG	Europe	Paris	16276	222 ms
194.105.5.28	443	TRUE	IST	Europe	Istanbul	210538	222 ms
194.26.141.80	443	TRUE	TLL	Europe	Tallinn	62005	222 ms
195.133.20.243	443	TRUE	AMS	Europe	Amsterdam	0	222 ms
52.89.97.12	443	TRUE	PDX	North America	Portland	16509	222 ms
185.189.58.206	443	TRUE	FRA	Europe	Frankfurt	49683	222 ms
162.159.206.32	443	TRUE	SJC	North America	San Jose	13335	222 ms
198.41.219.238	443	TRUE	SJC	North America	San Jose	13335	222 ms
163.5.207.144	443	TRUE	AMS	Europe	Amsterdam	199058	222 ms
51.116.121.75	443	TRUE	FRA	Europe	Frankfurt	8075	222 ms
194.58.40.142	443	TRUE	AMS	Europe	Amsterdam	26383	222 ms
38.180.30.217	443	TRUE	AMS	Europe	Amsterdam	9009	222 ms
172.96.224.233	443	TRUE	LAX	North America	Los Angeles	25820	223 ms
194.58.57.93	443	TRUE	AMS	Europe	Amsterdam	43641	223 ms
104.248.42.123	443	TRUE	FRA	Europe	Frankfurt	14061	223 ms
198.41.219.127	443	TRUE	SJC	North America	San Jose	13335	223 ms
52.10.78.7	443	TRUE	PDX	North America	Portland	16509	223 ms
198.41.219.238	443	TRUE	SJC	North America	San Jose	13335	223 ms
89.197.178.14	443	TRUE	LHR	Europe	London	47474	223 ms
3.9.223.59	443	TRUE	LHR	Europe	London	16509	224 ms
162.159.206.143	443	TRUE	SJC	North America	San Jose	13335	224 ms
109.185.236.240	443	TRUE	KIV	Europe	Chișinău	8926	224 ms
162.159.206.7	443	TRUE	SJC	North America	San Jose	13335	224 ms
162.159.206.10	443	TRUE	SJC	North America	San Jose	13335	224 ms
104.248.36.29	443	TRUE	FRA	Europe	Frankfurt	14061	224 ms
103.231.75.115	443	TRUE	OTP	Europe	Bucharest	44477	224 ms
162.159.206.172	443	TRUE	SJC	North America	San Jose	13335	224 ms
107.173.86.106	443	TRUE	SJC	North America	San Jose	36352	224 ms
37.27.33.145	443	TRUE	HEL	Europe	Helsinki	24940	224 ms
5.61.49.50	443	TRUE	AMS	Europe	Amsterdam	58061	224 ms
136.244.108.143	443	TRUE	AMS	Europe	Amsterdam	20473	224 ms
5.35.46.221	443	TRUE	AMS	Europe	Amsterdam	216071	224 ms
192.236.249.106	443	TRUE	AMS	Europe	Amsterdam	54290	225 ms
194.147.33.29	443	TRUE	AMS	Europe	Amsterdam	41745	225 ms
109.237.98.57	443	TRUE	FRA	Europe	Frankfurt	0	225 ms
212.227.90.142	443	TRUE	MAD	Europe	Madrid	8560	225 ms
193.239.160.39	443	TRUE	SOF	Europe	Sofia	200740	226 ms
193.233.112.107	443	TRUE	FRA	Europe	Frankfurt	215826	226 ms
57.128.171.76	443	TRUE	LHR	Europe	London	16276	226 ms
192.74.226.42	443	TRUE	SJC	North America	San Jose	54600	226 ms
162.159.206.224	443	TRUE	SJC	North America	San Jose	13335	226 ms
52.213.11.150	443	TRUE	DUB	Europe	Dublin	16509	226 ms
162.159.206.87	443	TRUE	SJC	North America	San Jose	13335	226 ms
198.41.219.185	443	TRUE	SJC	North America	San Jose	13335	226 ms
46.38.253.181	443	TRUE	FRA	Europe	Frankfurt	197540	227 ms
162.159.206.101	443	TRUE	SJC	North America	San Jose	13335	227 ms
62.3.12.76	443	TRUE	SOF	Europe	Sofia	44477	227 ms
62.60.156.139	443	TRUE	FRA	Europe	Frankfurt	6762	227 ms
3.120.212.75	443	TRUE	FRA	Europe	Frankfurt	16509	227 ms
212.34.153.121	443	TRUE	AMS	Europe	Amsterdam	0	227 ms
172.64.40.194	443	TRUE	BKK	Asia Pacific	Bangkok	13335	227 ms
172.64.40.149	443	TRUE	BKK	Asia Pacific	Bangkok	13335	227 ms
109.120.158.162	443	TRUE	AMS	Europe	Amsterdam	0	227 ms
172.64.40.117	443	TRUE	BKK	Asia Pacific	Bangkok	13335	227 ms
3.75.149.151	443	TRUE	FRA	Europe	Frankfurt	16509	227 ms
2.59.165.35	443	TRUE	DME	Europe	Moscow	209153	227 ms
198.41.219.39	443	TRUE	SJC	North America	San Jose	13335	227 ms
198.41.219.90	443	TRUE	SJC	North America	San Jose	13335	227 ms
79.137.207.8	443	TRUE	FRA	Europe	Frankfurt	210644	227 ms
51.20.99.157	443	TRUE	CPH	Europe	Copenhagen	16509	227 ms
212.237.219.99	443	TRUE	HEL	Europe	Helsinki	57043	227 ms
104.248.241.182	443	TRUE	FRA	Europe	Frankfurt	14061	227 ms
185.224.250.104	443	TRUE	VNO	Europe	Vilnius	56630	228 ms
162.159.160.131	443	TRUE	ATH	Europe	Athens	13335	228 ms
198.41.219.106	443	TRUE	SJC	North America	San Jose	13335	228 ms
104.36.84.82	443	TRUE	SEA	North America	Seattle	400304	228 ms
162.159.206.208	443	TRUE	SJC	North America	San Jose	13335	228 ms
74.48.98.159	443	TRUE	LAX	North America	Los Angeles	35916	228 ms
70.34.218.89	443	TRUE	AMS	Europe	Amsterdam	20473	228 ms
194.146.38.48	443	TRUE	AMS	Europe	Amsterdam	41436	228 ms
217.144.187.40	443	TRUE	FRA	Europe	Frankfurt	0	228 ms
51.89.23.237	443	TRUE	FRA	Europe	Frankfurt	16276	229 ms
172.64.78.134	443	TRUE	VIE	Europe	Vienna	13335	229 ms
94.159.110.127	443	TRUE	FRA	Europe	Frankfurt	49531	229 ms
162.159.206.172	443	TRUE	SJC	North America	San Jose	13335	229 ms
109.172.95.36	443	TRUE	FRA	Europe	Frankfurt	215540	229 ms
181.214.58.190	443	TRUE	KIV	Europe	Chișinău	201670	229 ms
51.178.207.109	443	TRUE	CDG	Europe	Paris	16276	229 ms
172.64.40.108	443	TRUE	BKK	Asia Pacific	Bangkok	13335	229 ms
198.41.219.51	443	TRUE	SJC	North America	San Jose	13335	229 ms
113.30.190.95	443	TRUE	FRA	Europe	Frankfurt	204548	229 ms
65.21.62.180	443	TRUE	HEL	Europe	Helsinki	24940	230 ms
65.109.173.136	443	TRUE	HEL	Europe	Helsinki	24940	230 ms
185.102.136.128	443	TRUE	DME	Europe	Moscow	200740	230 ms
172.64.78.145	443	TRUE	DEL	Asia Pacific	New Delhi	13335	230 ms
51.20.161.26	443	TRUE	ARN	Europe	Stockholm	16509	230 ms
52.29.68.81	443	TRUE	FRA	Europe	Frankfurt	16509	230 ms
147.45.70.47	443	TRUE	FRA	Europe	Frankfurt	210644	230 ms
171.22.117.212	443	TRUE	AMS	Europe	Amsterdam	44477	230 ms
3.249.49.224	443	TRUE	DUB	Europe	Dublin	16509	231 ms
162.159.206.140	443	TRUE	SJC	North America	San Jose	13335	231 ms
35.167.93.200	80	TRUE	PDX	North America	Portland	16509	231 ms
193.233.233.148	443	TRUE	FRA	Europe	Frankfurt	210644	231 ms
193.109.69.177	443	TRUE	AMS	Europe	Amsterdam	57043	231 ms
58.96.86.5	443	TRUE	SYD	Oceania	Sydney	10143	232 ms
94.131.110.6	443	TRUE	FRA	Europe	Frankfurt	44477	232 ms
77.238.248.80	443	TRUE	AMS	Europe	Amsterdam	216071	232 ms
45.90.219.244	443	TRUE	TLL	Europe	Tallinn	205090	232 ms
46.101.192.148	443	TRUE	FRA	Europe	Frankfurt	14061	232 ms
198.41.219.82	443	TRUE	SJC	North America	San Jose	13335	232 ms
172.64.40.98	443	TRUE	BKK	Asia Pacific	Bangkok	13335	232 ms
49.13.20.111	443	TRUE	FRA	Europe	Frankfurt	24940	233 ms
94.159.110.41	443	TRUE	FRA	Europe	Frankfurt	49531	233 ms
185.233.202.96	443	TRUE	AMS	Europe	Amsterdam	200740	233 ms
162.159.206.236	443	TRUE	SJC	North America	San Jose	13335	233 ms
109.237.97.129	443	TRUE	FRA	Europe	Frankfurt	0	233 ms
3.68.31.54	443	TRUE	FRA	Europe	Frankfurt	16509	233 ms
2.56.127.167	443	TRUE	OTP	Europe	Bucharest	0	233 ms
95.216.152.156	443	TRUE	AMS	Europe	Amsterdam	24940	234 ms
54.200.244.93	443	TRUE	PDX	North America	Portland	16509	234 ms
45.144.29.77	443	TRUE	AMS	Europe	Amsterdam	44477	234 ms
188.225.60.50	443	TRUE	FRA	Europe	Frankfurt	9123	234 ms
46.226.162.184	443	TRUE	FRA	Europe	Frankfurt	210644	234 ms
77.238.241.143	443	TRUE	AMS	Europe	Amsterdam	216071	234 ms
195.58.50.233	443	TRUE	AMS	Europe	Amsterdam	41745	234 ms
45.129.3.158	443	TRUE	WAW	Europe	Warsaw	51659	234 ms
49.12.237.44	443	TRUE	CDG	Europe	Paris	24940	234 ms
198.41.219.17	443	TRUE	SJC	North America	San Jose	13335	234 ms
52.24.15.209	443	TRUE	PDX	North America	Portland	16509	234 ms
198.41.219.204	443	TRUE	SJC	North America	San Jose	13335	234 ms
89.58.52.160	443	TRUE	FRA	Europe	Frankfurt	197540	234 ms
198.41.219.31	443	TRUE	SJC	North America	San Jose	13335	234 ms
38.180.57.184	443	TRUE	AMS	Europe	Amsterdam	58061	234 ms
54.229.71.228	443	TRUE	DUB	Europe	Dublin	16509	235 ms
2.59.183.219	443	TRUE	AMS	Europe	Amsterdam	199058	235 ms
66.151.33.252	443	TRUE	AMS	Europe	Amsterdam	57043	235 ms
37.27.8.255	443	TRUE	AMS	Europe	Amsterdam	24940	235 ms
91.149.239.238	443	TRUE	LAX	North America	Los Angeles	26383	235 ms
198.41.219.216	443	TRUE	SJC	North America	San Jose	13335	235 ms
172.64.40.160	443	TRUE	BKK	Asia Pacific	Bangkok	13335	236 ms
5.2.75.70	443	TRUE	AMS	Europe	Amsterdam	60404	236 ms
162.159.160.69	443	TRUE	ATH	Europe	Athens	13335	236 ms
92.246.142.132	443	TRUE	FRA	Europe	Frankfurt	215590	236 ms
95.164.113.253	443	TRUE	AMS	Europe	Amsterdam	44477	236 ms
194.58.68.74	443	TRUE	AMS	Europe	Amsterdam	26383	236 ms
45.142.215.233	443	TRUE	RIX	Europe	Riga	44477	237 ms
198.105.125.82	443	TRUE	ARN	Europe	Stockholm	58305	237 ms
89.110.80.120	443	TRUE	AMS	Europe	Amsterdam	216071	237 ms
77.238.242.147	443	TRUE	AMS	Europe	Amsterdam	216071	237 ms
198.41.219.35	443	TRUE	SJC	North America	San Jose	13335	237 ms
171.22.114.68	443	TRUE	ARN	Europe	Stockholm	44477	237 ms
172.64.40.122	443	TRUE	BKK	Asia Pacific	Bangkok	13335	237 ms
52.12.162.159	443	TRUE	PDX	North America	Portland	16509	237 ms
198.41.219.143	443	TRUE	SJC	North America	San Jose	13335	237 ms
2.56.127.167	443	TRUE	OTP	Europe	Bucharest	0	237 ms
79.137.197.244	443	TRUE	FRA	Europe	Frankfurt	210644	237 ms
5.35.46.168	443	TRUE	AMS	Europe	Amsterdam	216071	237 ms
94.131.109.254	443	TRUE	FRA	Europe	Frankfurt	44477	238 ms
194.53.54.30	443	TRUE	HEL	Europe	Helsinki	207569	238 ms
5.182.86.55	443	TRUE	FRA	Europe	Frankfurt	210644	238 ms
3.67.25.193	443	TRUE	FRA	Europe	Frankfurt	16509	238 ms
198.41.219.229	443	TRUE	SJC	North America	San Jose	13335	238 ms
194.146.123.241	443	TRUE	MAN	Europe	Manchester	212552	239 ms
50.112.166.63	443	TRUE	PDX	North America	Portland	16509	239 ms
91.227.248.40	443	TRUE	OSL	Europe	Oslo	50304	239 ms
46.17.107.183	443	TRUE	EWR	North America	Newark	204154	239 ms
198.41.219.214	443	TRUE	SJC	North America	San Jose	13335	239 ms
185.231.206.22	443	TRUE	HEL	Europe	Helsinki	44477	239 ms
193.43.79.230	443	TRUE	ARN	Europe	Stockholm	41717	239 ms
85.208.110.126	443	TRUE	AMS	Europe	Amsterdam	44477	239 ms
194.146.24.240	443	TRUE	LHR	Europe	London	210329	240 ms
37.27.20.100	443	TRUE	AMS	Europe	Amsterdam	24940	240 ms
104.248.46.225	443	TRUE	FRA	Europe	Frankfurt	14061	240 ms
171.22.124.29	443	TRUE	AMS	Europe	Amsterdam	44477	240 ms
109.120.150.108	443	TRUE	FRA	Europe	Frankfurt	210644	240 ms
188.116.21.115	443	TRUE	AMS	Europe	Amsterdam	58061	240 ms
45.88.67.65	443	TRUE	AMS	Europe	Amsterdam	0	240 ms
54.79.133.41	443	TRUE	SYD	Oceania	Sydney	16509	241 ms
5.78.87.196	443	TRUE	PDX	North America	Portland	212317	241 ms
91.103.252.64	443	TRUE	FRA	Europe	Frankfurt	210644	241 ms
147.45.174.201	443	TRUE	FRA	Europe	Frankfurt	9123	241 ms
15.165.121.25	443	TRUE	ICN	Asia Pacific	Seoul	16509	241 ms
172.64.40.174	443	TRUE	BKK	Asia Pacific	Bangkok	13335	242 ms
109.120.179.106	443	TRUE	FRA	Europe	Frankfurt	210644	242 ms
54.203.85.46	443	TRUE	PDX	North America	Portland	16509	242 ms
62.60.216.82	443	TRUE	FRA	Europe	Frankfurt	55933	242 ms
116.203.211.56	443	TRUE	CDG	Europe	Paris	24940	242 ms
37.192.41.195	443	TRUE	OSL	Europe	Oslo	31200	242 ms
34.41.252.92	443	TRUE	ORD	North America	Chicago	396982	243 ms
109.199.126.6	443	TRUE	DUS	Europe	Düsseldorf	51167	243 ms
2.59.183.114	443	TRUE	AMS	Europe	Amsterdam	199058	244 ms
77.83.175.59	443	TRUE	AMS	Europe	Amsterdam	211381	244 ms
57.129.4.136	443	TRUE	FRA	Europe	Frankfurt	16276	244 ms
91.235.234.88	443	TRUE	CPH	Europe	Copenhagen	62005	245 ms
198.41.219.132	443	TRUE	SJC	North America	San Jose	13335	245 ms
83.168.110.174	443	TRUE	WAW	Europe	Warsaw	202520	245 ms
46.8.228.212	443	TRUE	HEL	Europe	Helsinki	0	245 ms
2.59.38.46	443	TRUE	AMS	Europe	Amsterdam	39572	245 ms
154.219.5.107	443	TRUE	BKK	Asia Pacific	Bangkok	209242	246 ms
185.229.65.109	443	TRUE	FRA	Europe	Frankfurt	210644	246 ms
217.144.189.124	443	TRUE	FRA	Europe	Frankfurt	0	246 ms
85.192.60.187	443	TRUE	FRA	Europe	Frankfurt	0	246 ms
217.144.187.248	443	TRUE	FRA	Europe	Frankfurt	0	246 ms
2.59.183.25	443	TRUE	AMS	Europe	Amsterdam	199058	247 ms
194.54.158.187	443	TRUE	AMS	Europe	Amsterdam	0	247 ms
109.120.179.32	443	TRUE	FRA	Europe	Frankfurt	210644	247 ms
89.169.55.205	443	TRUE	FRA	Europe	Frankfurt	210644	247 ms
5.252.118.203	443	TRUE	FRA	Europe	Frankfurt	210644	247 ms
77.221.154.45	443	TRUE	FRA	Europe	Frankfurt	210644	247 ms
172.64.40.237	443	TRUE	BKK	Asia Pacific	Bangkok	13335	247 ms
49.12.209.57	443	TRUE	FRA	Europe	Frankfurt	24940	248 ms
103.231.73.84	443	TRUE	RIX	Europe	Riga	44477	248 ms
198.41.219.174	443	TRUE	SJC	North America	San Jose	13335	248 ms
194.67.200.169	443	TRUE	ARN	Europe	Stockholm	207569	248 ms
51.21.48.77	443	TRUE	ARN	Europe	Stockholm	16509	248 ms
212.192.31.162	443	TRUE	FRA	Europe	Frankfurt	199785	248 ms
3.64.205.189	443	TRUE	FRA	Europe	Frankfurt	16509	248 ms
194.15.46.50	443	TRUE	AMS	Europe	Amsterdam	211381	249 ms
172.64.40.136	443	TRUE	BKK	Asia Pacific	Bangkok	13335	249 ms
45.157.233.208	443	TRUE	FRA	Europe	Frankfurt	58212	249 ms
185.112.146.83	443	TRUE	DUB	Europe	Dublin	44925	250 ms
191.96.94.196	443	TRUE	FRA	Europe	Frankfurt	215703	250 ms
109.107.181.217	443	TRUE	FRA	Europe	Frankfurt	210644	250 ms
178.160.195.187	443	TRUE	EVN	Middle East	Yerevan	12297	251 ms
46.8.232.217	443	TRUE	HEL	Europe	Helsinki	56971	251 ms
5.39.249.146	443	TRUE	FRA	Europe	Frankfurt	41745	251 ms
3.75.170.179	443	TRUE	FRA	Europe	Frankfurt	16509	251 ms
109.235.246.36	443	TRUE	TLL	Europe	Tallinn	8728	251 ms
2.56.206.125	443	TRUE	EVN	Middle East	Yerevan	16190	251 ms
172.64.78.134	443	TRUE	SJC	North America	San Jose	13335	251 ms
162.159.206.154	443	TRUE	SJC	North America	San Jose	13335	252 ms
107.175.63.146	443	TRUE	SJC	North America	San Jose	36352	252 ms
194.135.104.96	443	TRUE	DFW	North America	Dallas	398343	252 ms
45.144.48.58	443	TRUE	WAW	Europe	Warsaw	49791	252 ms
2.59.183.174	443	TRUE	AMS	Europe	Amsterdam	199058	252 ms
154.9.206.147	443	TRUE	LAX	North America	Los Angeles	55799	252 ms
91.225.217.162	443	TRUE	OSL	Europe	Oslo	44477	253 ms
2.56.206.64	443	TRUE	EVN	Middle East	Yerevan	16190	253 ms
104.244.92.88	443	TRUE	EWR	North America	Newark	25820	253 ms
2.56.206.160	443	TRUE	EVN	Middle East	Yerevan	16190	253 ms
198.41.219.218	443	TRUE	SJC	North America	San Jose	13335	253 ms
193.124.24.238	443	TRUE	DFW	North America	Dallas	398343	254 ms
213.148.10.221	443	TRUE	WAW	Europe	Warsaw	48988	254 ms
172.64.78.40	443	TRUE	SJC	North America	San Jose	13335	254 ms
112.213.34.242	443	TRUE	SYD	Oceania	Sydney	133159	254 ms
2.59.183.239	443	TRUE	AMS	Europe	Amsterdam	199058	254 ms
107.182.27.151	443	TRUE	SJC	North America	San Jose	25820	254 ms
2.56.172.168	443	TRUE	SOF	Europe	Sofia	44477	254 ms
194.26.213.108	443	TRUE	DUB	Europe	Dublin	202448	254 ms
104.244.92.88	443	TRUE	EWR	North America	Newark	25820	255 ms
104.167.197.214	443	TRUE	ATL	North America	Atlanta	49791	255 ms
109.237.98.246	443	TRUE	FRA	Europe	Frankfurt	0	255 ms
89.23.106.135	443	TRUE	FRA	Europe	Frankfurt	43581	255 ms
198.41.219.168	443	TRUE	SJC	North America	San Jose	13335	255 ms
194.116.172.220	443	TRUE	HEL	Europe	Helsinki	44477	256 ms
160.22.79.174	443	TRUE	SIN	Asia Pacific	Singapore	152900	256 ms
107.182.23.113	443	TRUE	LAX	North America	Los Angeles	25820	256 ms
45.15.159.119	443	TRUE	FRA	Europe	Frankfurt	210644	256 ms
154.197.80.60	443	TRUE	BKK	Asia Pacific	Bangkok	209242	257 ms
109.120.177.193	443	TRUE	FRA	Europe	Frankfurt	210644	257 ms
213.159.68.217	443	TRUE	ARN	Europe	Stockholm	44477	257 ms
2.56.204.183	443	TRUE	EVN	Middle East	Yerevan	16190	257 ms
4.255.56.137	443	TRUE	IAD	North America	Ashburn	8075	257 ms
3.69.0.8	443	TRUE	FRA	Europe	Frankfurt	16509	257 ms
94.131.123.242	443	TRUE	OTP	Europe	Bucharest	44477	257 ms
5.188.0.234	2053	TRUE	EWR	North America	Newark	202422	257 ms
38.76.145.185	443	TRUE	LAX	North America	Los Angeles	174	258 ms
199.180.155.172	443	TRUE	LAX	North America	Los Angeles	19257	258 ms
94.131.123.74	443	TRUE	SOF	Europe	Sofia	44477	258 ms
198.41.219.219	443	TRUE	SJC	North America	San Jose	13335	258 ms
92.246.136.144	443	TRUE	FRA	Europe	Frankfurt	210644	258 ms
3.122.86.99	443	TRUE	FRA	Europe	Frankfurt	16509	258 ms
107.174.242.213	443	TRUE	SEA	North America	Seattle	36352	259 ms
154.219.5.184	443	TRUE	BKK	Asia Pacific	Bangkok	209242	259 ms
107.148.95.75	443	TRUE	LAX	North America	Los Angeles	398823	259 ms
185.170.215.228	443	TRUE	LHR	Europe	London	202448	259 ms
194.59.247.107	443	TRUE	AMS	Europe	Amsterdam	44477	260 ms
172.212.108.47	443	TRUE	IAD	North America	Ashburn	8075	260 ms
146.103.33.57	443	TRUE	AMS	Europe	Amsterdam	199058	260 ms
13.54.198.183	443	TRUE	SYD	Oceania	Sydney	16509	260 ms
38.76.145.189	443	TRUE	LAX	North America	Los Angeles	174	260 ms
51.83.185.32	443	TRUE	WAW	Europe	Warsaw	16276	260 ms
179.43.154.26	443	TRUE	MXP	Europe	Milan	51852	261 ms
46.30.41.73	443	TRUE	AMS	Europe	Amsterdam	216139	261 ms
198.23.254.51	443	TRUE	SJC	North America	San Jose	36352	261 ms
168.100.8.162	443	TRUE	AMS	Europe	Amsterdam	399629	261 ms
194.116.172.220	443	TRUE	HEL	Europe	Helsinki	44477	261 ms
138.128.222.154	443	TRUE	LAX	North America	Los Angeles	25820	261 ms
193.124.22.20	443	TRUE	VNO	Europe	Vilnius	26383	261 ms
74.211.98.78	443	TRUE	LAX	North America	Los Angeles	25820	262 ms
107.174.255.38	443	TRUE	SJC	North America	San Jose	36352	262 ms
172.96.192.76	443	TRUE	LAX	North America	Los Angeles	25820	262 ms
104.128.89.138	443	TRUE	LAX	North America	Los Angeles	25820	262 ms
185.18.54.83	443	TRUE	AMS	Europe	Amsterdam	49981	262 ms
172.191.74.198	443	TRUE	IAD	North America	Ashburn	8075	262 ms
172.64.40.206	443	TRUE	BKK	Asia Pacific	Bangkok	13335	262 ms
104.194.72.33	443	TRUE	LAX	North America	Los Angeles	25820	262 ms
97.64.18.38	443	TRUE	LAX	North America	Los Angeles	25820	263 ms
89.208.96.68	443	TRUE	FRA	Europe	Frankfurt	0	263 ms
91.223.208.217	443	TRUE	LCA	Europe	Nicosia	197648	263 ms
107.174.123.200	443	TRUE	LAX	North America	Los Angeles	36352	263 ms
46.30.42.18	443	TRUE	AMS	Europe	Amsterdam	216139	263 ms
2.189.59.2	443	TRUE	FRA	Europe	Frankfurt	12880	263 ms
107.174.79.149	443	TRUE	LAX	North America	Los Angeles	36352	263 ms
103.231.73.113	443	TRUE	RIX	Europe	Riga	44477	264 ms
107.172.89.201	443	TRUE	SJC	North America	San Jose	36352	264 ms
62.60.217.230	443	TRUE	FRA	Europe	Frankfurt	55933	264 ms
172.86.99.63	2053	TRUE	EWR	North America	Newark	14956	264 ms
193.178.210.240	443	TRUE	EWR	North America	Newark	44477	265 ms
77.92.154.17	443	TRUE	IST	Europe	Istanbul	207279	265 ms
107.173.164.106	443	TRUE	ATL	North America	Atlanta	36352	265 ms
172.64.78.4	443	TRUE	DFW	North America	Dallas	13335	265 ms
138.128.221.81	443	TRUE	LAX	North America	Los Angeles	25820	266 ms
95.164.86.57	443	TRUE	AMS	Europe	Amsterdam	44477	266 ms
107.172.159.182	443	TRUE	ATL	North America	Atlanta	36352	266 ms
2.189.59.4	443	TRUE	FRA	Europe	Frankfurt	12880	266 ms
198.41.219.86	443	TRUE	SJC	North America	San Jose	13335	266 ms
194.54.157.81	443	TRUE	AMS	Europe	Amsterdam	0	266 ms
194.5.97.156	443	TRUE	AMS	Europe	Amsterdam	149020	266 ms
45.8.145.25	443	TRUE	AMS	Europe	Amsterdam	44477	266 ms
38.76.145.175	443	TRUE	LAX	North America	Los Angeles	174	266 ms
104.194.80.247	443	TRUE	LAX	North America	Los Angeles	25820	266 ms
38.180.105.201	443	TRUE	IST	Europe	Istanbul	58061	267 ms
107.175.30.199	443	TRUE	ATL	North America	Atlanta	36352	267 ms
51.195.208.134	443	TRUE	LHR	Europe	London	16276	267 ms
82.115.6.163	443	TRUE	AMS	Europe	Amsterdam	42532	267 ms
178.208.78.76	443	TRUE	AMS	Europe	Amsterdam	216139	267 ms
217.195.200.138	443	TRUE	FRA	Europe	Frankfurt	199524	267 ms
94.177.216.245	443	TRUE	MXP	Europe	Milan	31034	267 ms
154.219.5.84	443	TRUE	BKK	Asia Pacific	Bangkok	209242	267 ms
46.17.107.183	443	TRUE	EWR	North America	Newark	204154	267 ms
54.39.83.163	443	TRUE	YUL	North America	Montréal	16276	268 ms
51.195.235.202	443	TRUE	LHR	Europe	London	16276	268 ms
154.219.5.225	443	TRUE	BKK	Asia Pacific	Bangkok	209242	268 ms
107.174.253.75	443	TRUE	SJC	North America	San Jose	36352	268 ms
185.224.133.146	443	TRUE	AMS	Europe	Amsterdam	204601	268 ms
82.115.6.130	443	TRUE	AMS	Europe	Amsterdam	42532	268 ms
66.112.212.103	443	TRUE	LAX	North America	Los Angeles	25820	268 ms
103.106.1.98	443	TRUE	AMS	Europe	Amsterdam	44477	268 ms
37.1.218.251	443	TRUE	AMS	Europe	Amsterdam	58061	269 ms
54.38.78.164	443	TRUE	LHR	Europe	London	16276	269 ms
193.160.96.234	443	TRUE	AMS	Europe	Amsterdam	56611	269 ms
3.82.153.90	443	TRUE	IAD	North America	Ashburn	14618	269 ms
77.238.247.93	443	TRUE	AMS	Europe	Amsterdam	216071	269 ms
192.210.175.108	443	TRUE	AMS	Europe	Amsterdam	36352	269 ms
194.135.22.181	443	TRUE	ZRH	Europe	Zurich	215346	269 ms
18.216.55.100	443	TRUE	ORD	North America	Chicago	16509	270 ms
50.19.193.95	443	TRUE	IAD	North America	Ashburn	14618	270 ms
178.208.91.52	443	TRUE	AMS	Europe	Amsterdam	216139	270 ms
3.86.231.180	443	TRUE	IAD	North America	Ashburn	14618	270 ms
77.238.242.168	443	TRUE	AMS	Europe	Amsterdam	216071	270 ms
88.218.248.152	443	TRUE	AMS	Europe	Amsterdam	215346	271 ms
45.91.171.146	443	TRUE	CPH	Europe	Copenhagen	36007	271 ms
62.60.156.121	443	TRUE	FRA	Europe	Frankfurt	6762	271 ms
20.121.115.188	443	TRUE	IAD	North America	Ashburn	8075	271 ms
51.38.44.17	443	TRUE	CDG	Europe	Paris	16276	271 ms
3.218.234.33	443	TRUE	IAD	North America	Ashburn	14618	271 ms
51.195.91.96	443	TRUE	FRA	Europe	Frankfurt	16276	271 ms
54.38.159.25	443	TRUE	FRA	Europe	Frankfurt	16276	272 ms
109.237.98.168	443	TRUE	FRA	Europe	Frankfurt	0	272 ms
172.64.78.148	443	TRUE	YVR	North America	Vancouver	13335	272 ms
109.120.138.223	443	TRUE	FRA	Europe	Frankfurt	0	272 ms
154.219.5.79	443	TRUE	BKK	Asia Pacific	Bangkok	209242	272 ms
95.164.17.80	443	TRUE	AMS	Europe	Amsterdam	44477	272 ms
194.5.97.149	443	TRUE	AMS	Europe	Amsterdam	149020	272 ms
64.44.168.66	443	TRUE	TLH	North America	Tallahassee	20278	272 ms
194.135.20.88	443	TRUE	AMS	Europe	Amsterdam	215346	272 ms
62.60.217.54	443	TRUE	FRA	Europe	Frankfurt	55933	273 ms
94.228.169.108	443	TRUE	FRA	Europe	Frankfurt	210644	274 ms
38.22.233.225	443	TRUE	LAX	North America	Los Angeles	174	274 ms
3.215.143.191	443	TRUE	IAD	North America	Ashburn	14618	274 ms
35.200.238.235	443	TRUE	BOM	Asia Pacific	Mumbai	396982	274 ms
89.117.57.144	443	TRUE	DUS	Europe	Düsseldorf	51167	274 ms
45.85.93.21	443	TRUE	MXP	Europe	Milan	199058	274 ms
3.216.234.194	443	TRUE	IAD	North America	Ashburn	14618	275 ms
107.173.87.103	443	TRUE	SJC	North America	San Jose	36352	275 ms
172.64.40.132	443	TRUE	BKK	Asia Pacific	Bangkok	13335	275 ms
84.246.85.158	443	TRUE	AMS	Europe	Amsterdam	44477	275 ms
34.69.150.180	443	TRUE	ORD	North America	Chicago	396982	275 ms
34.66.72.229	443	TRUE	ORD	North America	Chicago	396982	276 ms
109.237.98.255	443	TRUE	FRA	Europe	Frankfurt	0	276 ms
103.231.75.115	443	TRUE	OTP	Europe	Bucharest	44477	276 ms
109.237.98.214	443	TRUE	FRA	Europe	Frankfurt	0	276 ms
5.61.34.109	443	TRUE	FRA	Europe	Frankfurt	28753	276 ms
192.227.247.75	443	TRUE	LAX	North America	Los Angeles	36352	276 ms
5.61.40.121	443	TRUE	FRA	Europe	Frankfurt	28753	276 ms
155.138.128.135	443	TRUE	YYZ	North America	Toronto	20473	276 ms
5.61.35.27	443	TRUE	FRA	Europe	Frankfurt	28753	277 ms
64.176.210.187	443	TRUE	EWR	North America	Newark	20473	277 ms
152.228.206.122	443	TRUE	CDG	Europe	Paris	16276	277 ms
38.76.145.169	443	TRUE	LAX	North America	Los Angeles	174	277 ms
51.195.100.149	443	TRUE	FRA	Europe	Frankfurt	16276	277 ms
46.29.239.19	443	TRUE	AMS	Europe	Amsterdam	43581	277 ms
51.195.119.2	443	TRUE	FRA	Europe	Frankfurt	16276	278 ms
47.99.108.15	443	TRUE	SJC	North America	San Jose	37963	278 ms
212.80.219.10	443	TRUE	AMS	Europe	Amsterdam	50673	278 ms
3.138.59.154	443	TRUE	ORD	North America	Chicago	16509	278 ms
46.32.185.204	443	TRUE	VNO	Europe	Vilnius	42532	278 ms
212.34.148.102	443	TRUE	AMS	Europe	Amsterdam	0	278 ms
46.32.186.52	443	TRUE	WAW	Europe	Warsaw	42532	278 ms
95.164.11.242	443	TRUE	AMS	Europe	Amsterdam	44477	278 ms
52.202.68.136	443	TRUE	IAD	North America	Ashburn	14618	278 ms
46.32.184.187	443	TRUE	VNO	Europe	Vilnius	42532	278 ms
46.17.105.101	443	TRUE	ARN	Europe	Stockholm	200740	278 ms
5.34.209.179	443	TRUE	VNO	Europe	Vilnius	42532	278 ms
5.34.214.5	443	TRUE	VNO	Europe	Vilnius	42532	278 ms
194.87.252.20	443	TRUE	ARN	Europe	Stockholm	41745	278 ms
185.213.211.29	443	TRUE	AMS	Europe	Amsterdam	204601	278 ms
3.18.196.26	443	TRUE	IAD	North America	Ashburn	16509	279 ms
172.64.78.55	443	TRUE	CPH	Europe	Copenhagen	13335	279 ms
216.173.71.84	443	TRUE	VNO	Europe	Vilnius	42532	279 ms
172.64.78.145	443	TRUE	NRT	Asia Pacific	Tokyo	13335	279 ms
50.228.203.26	443	TRUE	MIA	North America	Miami	7922	279 ms
185.203.243.56	443	TRUE	AMS	Europe	Amsterdam	204601	279 ms
45.155.120.132	443	TRUE	AMS	Europe	Amsterdam	35277	279 ms
74.121.151.220	443	TRUE	EWR	North America	Newark	25820	279 ms
5.34.215.208	443	TRUE	VNO	Europe	Vilnius	42532	280 ms
193.218.188.71	443	TRUE	BUF	North America	Buffalo	36352	280 ms
38.180.17.36	443	TRUE	FRA	Europe	Frankfurt	9009	280 ms
5.34.215.85	443	TRUE	VNO	Europe	Vilnius	42532	280 ms
178.130.41.133	443	TRUE	AMS	Europe	Amsterdam	0	280 ms
46.32.184.115	443	TRUE	WAW	Europe	Warsaw	42532	280 ms
5.34.215.76	443	TRUE	VNO	Europe	Vilnius	42532	280 ms
5.34.212.28	443	TRUE	VNO	Europe	Vilnius	42532	280 ms
193.33.153.91	443	TRUE	FRA	Europe	Frankfurt	0	280 ms
194.59.247.154	443	TRUE	AMS	Europe	Amsterdam	44477	281 ms
5.34.215.224	443	TRUE	VNO	Europe	Vilnius	42532	281 ms
45.85.93.121	443	TRUE	MXP	Europe	Milan	199058	281 ms
46.32.185.228	443	TRUE	WAW	Europe	Warsaw	42532	281 ms
5.34.215.85	443	TRUE	VNO	Europe	Vilnius	42532	281 ms
192.236.249.105	443	TRUE	AMS	Europe	Amsterdam	54290	281 ms
5.34.212.59	443	TRUE	VNO	Europe	Vilnius	42532	281 ms
185.36.141.22	443	TRUE	WAW	Europe	Warsaw	214790	281 ms
107.173.171.241	443	TRUE	EWR	North America	Newark	36352	281 ms
212.6.44.98	443	TRUE	VNO	Europe	Vilnius	42532	282 ms
5.34.212.28	443	TRUE	VNO	Europe	Vilnius	42532	282 ms
192.144.39.33	443	TRUE	VNO	Europe	Vilnius	59615	282 ms
5.34.209.226	443	TRUE	WAW	Europe	Warsaw	42532	282 ms
81.19.140.166	443	TRUE	YYZ	North America	Toronto	215540	282 ms
3.138.59.154	443	TRUE	ORD	North America	Chicago	16509	282 ms
212.6.44.228	443	TRUE	VNO	Europe	Vilnius	42532	282 ms
5.34.214.91	443	TRUE	VNO	Europe	Vilnius	42532	282 ms
5.34.209.203	443	TRUE	VNO	Europe	Vilnius	42532	282 ms
5.34.211.94	443	TRUE	VNO	Europe	Vilnius	42532	282 ms
51.38.98.176	443	TRUE	FRA	Europe	Frankfurt	16276	283 ms
45.90.59.204	443	TRUE	GVA	Europe	Geneva	204957	283 ms
37.128.207.199	443	TRUE	WAW	Europe	Warsaw	42532	283 ms
188.64.15.47	443	TRUE	VNO	Europe	Vilnius	42532	283 ms
5.34.214.5	443	TRUE	VNO	Europe	Vilnius	42532	283 ms
172.64.40.213	443	TRUE	BKK	Asia Pacific	Bangkok	13335	283 ms
5.35.39.192	443	TRUE	AMS	Europe	Amsterdam	216071	283 ms
109.107.185.15	443	TRUE	AMS	Europe	Amsterdam	216071	283 ms
45.133.118.160	443	TRUE	AMS	Europe	Amsterdam	210429	283 ms
4.255.56.138	443	TRUE	IAD	North America	Ashburn	8075	283 ms
5.34.215.73	443	TRUE	VNO	Europe	Vilnius	42532	284 ms
5.34.210.42	443	TRUE	VNO	Europe	Vilnius	42532	284 ms
109.205.58.92	443	TRUE	WAW	Europe	Warsaw	0	284 ms
46.32.187.228	443	TRUE	WAW	Europe	Warsaw	42532	284 ms
5.34.212.223	443	TRUE	WAW	Europe	Warsaw	42532	284 ms
107.172.94.16	443	TRUE	BUF	North America	Buffalo	36352	284 ms
212.80.216.207	443	TRUE	AMS	Europe	Amsterdam	50673	284 ms
103.80.87.53	443	TRUE	AMS	Europe	Amsterdam	212238	284 ms
107.152.42.239	443	TRUE	BOS	North America	Boston	11878	284 ms
5.34.215.241	443	TRUE	VNO	Europe	Vilnius	42532	284 ms
46.32.185.188	443	TRUE	WAW	Europe	Warsaw	42532	284 ms
46.32.187.51	443	TRUE	VNO	Europe	Vilnius	42532	284 ms
5.34.215.224	443	TRUE	VNO	Europe	Vilnius	42532	284 ms
5.34.214.50	443	TRUE	VNO	Europe	Vilnius	42532	284 ms
78.142.230.76	443	TRUE	AMS	Europe	Amsterdam	3214	285 ms
194.147.173.117	443	TRUE	ZRH	Europe	Zurich	6730	285 ms
176.120.74.53	443	TRUE	MAD	Europe	Madrid	44477	285 ms
193.124.44.190	443	TRUE	AMS	Europe	Amsterdam	0	285 ms
103.102.228.113	443	TRUE	AMS	Europe	Amsterdam	216167	285 ms
51.38.98.202	443	TRUE	FRA	Europe	Frankfurt	16276	285 ms
5.34.212.11	443	TRUE	VNO	Europe	Vilnius	42532	285 ms
50.17.156.116	443	TRUE	IAD	North America	Ashburn	14618	285 ms
104.234.50.53	443	TRUE	IAD	North America	Ashburn	272011	285 ms
45.144.154.64	443	TRUE	AMS	Europe	Amsterdam	174	286 ms
3.98.73.243	443	TRUE	YUL	North America	Montréal	16509	286 ms
80.92.206.99	443	TRUE	AMS	Europe	Amsterdam	44477	286 ms
192.236.249.89	443	TRUE	AMS	Europe	Amsterdam	54290	286 ms
5.34.209.179	443	TRUE	VNO	Europe	Vilnius	42532	286 ms
51.195.115.230	443	TRUE	FRA	Europe	Frankfurt	16276	286 ms
3.214.164.221	443	TRUE	IAD	North America	Ashburn	14618	286 ms
5.34.215.12	443	TRUE	VNO	Europe	Vilnius	42532	286 ms
5.34.214.91	443	TRUE	VNO	Europe	Vilnius	42532	286 ms
5.61.46.96	443	TRUE	FRA	Europe	Frankfurt	28753	286 ms
5.35.69.139	443	TRUE	AMS	Europe	Amsterdam	216071	286 ms
54.204.39.251	443	TRUE	IAD	North America	Ashburn	14618	287 ms
194.59.247.193	443	TRUE	AMS	Europe	Amsterdam	44477	287 ms
5.34.212.11	443	TRUE	VNO	Europe	Vilnius	42532	287 ms
34.200.255.151	80	TRUE	IAD	North America	Ashburn	14618	287 ms
172.98.207.58	443	TRUE	YYZ	North America	Toronto	14453	287 ms
216.173.70.80	443	TRUE	VNO	Europe	Vilnius	42532	287 ms
195.133.15.241	443	TRUE	AMS	Europe	Amsterdam	0	287 ms
5.34.208.131	443	TRUE	VNO	Europe	Vilnius	42532	287 ms
2.189.59.7	443	TRUE	FRA	Europe	Frankfurt	12880	287 ms
2.56.90.35	443	TRUE	AMS	Europe	Amsterdam	216139	287 ms
104.249.40.178	443	TRUE	AMS	Europe	Amsterdam	50053	287 ms
198.41.219.100	443	TRUE	SJC	North America	San Jose	13335	288 ms
5.34.215.20	443	TRUE	VNO	Europe	Vilnius	42532	288 ms
172.64.40.94	443	TRUE	BKK	Asia Pacific	Bangkok	13335	288 ms
46.32.187.219	443	TRUE	VNO	Europe	Vilnius	42532	288 ms
188.119.112.35	443	TRUE	AMS	Europe	Amsterdam	44477	288 ms
79.137.205.11	443	TRUE	FRA	Europe	Frankfurt	210644	288 ms
69.28.82.253	443	TRUE	YYZ	North America	Toronto	6364	288 ms
109.120.176.183	443	TRUE	FRA	Europe	Frankfurt	210644	288 ms
38.180.230.32	443	TRUE	TLL	Europe	Tallinn	174	288 ms
109.205.214.8	443	TRUE	AMS	Europe	Amsterdam	203363	288 ms
5.61.39.183	443	TRUE	FRA	Europe	Frankfurt	28753	289 ms
172.64.78.135	443	TRUE	CDG	Europe	Paris	13335	289 ms
188.253.17.72	443	TRUE	VNO	Europe	Vilnius	0	289 ms
104.249.40.126	443	TRUE	AMS	Europe	Amsterdam	50053	289 ms
216.173.70.192	443	TRUE	VNO	Europe	Vilnius	42532	289 ms
194.164.33.236	443	TRUE	AMS	Europe	Amsterdam	216071	289 ms
46.105.88.78	443	TRUE	CDG	Europe	Paris	16276	289 ms
46.22.211.14	443	TRUE	TLL	Europe	Tallinn	34702	289 ms
46.32.187.219	443	TRUE	VNO	Europe	Vilnius	42532	289 ms
206.166.251.92	443	TRUE	AMS	Europe	Amsterdam	399629	289 ms
172.64.40.118	443	TRUE	BKK	Asia Pacific	Bangkok	13335	289 ms
192.227.180.25	443	TRUE	BUF	North America	Buffalo	36352	289 ms
52.4.8.214	443	TRUE	IAD	North America	Ashburn	14618	289 ms
46.105.49.104	443	TRUE	AMS	Europe	Amsterdam	16276	290 ms
95.164.8.137	443	TRUE	TLL	Europe	Tallinn	44477	290 ms
5.34.208.235	443	TRUE	WAW	Europe	Warsaw	42532	290 ms
45.147.200.100	443	TRUE	HAM	Europe	Hamburg	51659	290 ms
66.135.162.161	443	TRUE	MIA	North America	Miami	8092	291 ms
5.35.68.61	443	TRUE	AMS	Europe	Amsterdam	216071	291 ms
145.239.90.225	443	TRUE	WAW	Europe	Warsaw	16276	291 ms
57.128.27.169	443	TRUE	FRA	Europe	Frankfurt	16276	291 ms
52.55.146.127	443	TRUE	IAD	North America	Ashburn	14618	291 ms
46.32.184.64	443	TRUE	WAW	Europe	Warsaw	42532	291 ms
5.34.209.174	443	TRUE	VNO	Europe	Vilnius	42532	291 ms
104.128.190.65	443	TRUE	MAN	Europe	Manchester	42831	291 ms
109.172.84.237	443	TRUE	DME	Europe	Moscow	0	291 ms
107.173.7.227	443	TRUE	YYZ	North America	Toronto	36352	291 ms
172.64.40.123	443	TRUE	BKK	Asia Pacific	Bangkok	13335	291 ms
54.208.96.155	443	TRUE	IAD	North America	Ashburn	14618	291 ms
104.234.50.177	443	TRUE	IAD	North America	Ashburn	272011	291 ms
5.34.215.73	443	TRUE	VNO	Europe	Vilnius	42532	291 ms
172.245.156.220	443	TRUE	YYZ	North America	Toronto	36352	291 ms
5.34.211.168	443	TRUE	WAW	Europe	Warsaw	42532	292 ms
46.105.88.78	443	TRUE	CDG	Europe	Paris	16276	292 ms
109.172.84.237	443	TRUE	DME	Europe	Moscow	0	292 ms
51.91.40.26	443	TRUE	FRA	Europe	Frankfurt	16276	292 ms
3.144.191.4	443	TRUE	CMH	North America	Columbus	16509	292 ms
107.173.171.241	443	TRUE	EWR	North America	Newark	36352	293 ms
51.68.162.33	443	TRUE	FRA	Europe	Frankfurt	16276	293 ms
192.227.193.47	443	TRUE	DFW	North America	Dallas	36352	293 ms
5.34.215.20	443	TRUE	VNO	Europe	Vilnius	42532	293 ms
104.249.40.52	443	TRUE	AMS	Europe	Amsterdam	50053	293 ms
5.34.215.241	443	TRUE	VNO	Europe	Vilnius	42532	294 ms
107.172.43.162	443	TRUE	BUF	North America	Buffalo	36352	294 ms
3.99.106.179	443	TRUE	YUL	North America	Montréal	16509	294 ms
91.108.241.188	443	TRUE	FRA	Europe	Frankfurt	210644	295 ms
35.183.163.195	443	TRUE	YUL	North America	Montréal	16509	296 ms
165.227.73.88	2053	TRUE	EWR	North America	Newark	14061	296 ms
217.197.107.165	443	TRUE	FRA	Europe	Frankfurt	210644	296 ms
3.144.191.4	443	TRUE	ORD	North America	Chicago	16509	296 ms
38.180.21.33	443	TRUE	CDG	Europe	Paris	9009	296 ms
54.234.62.15	443	TRUE	IAD	North America	Ashburn	14618	296 ms
194.36.27.67	443	TRUE	AMS	Europe	Amsterdam	3214	296 ms
185.40.7.249	443	TRUE	WAW	Europe	Warsaw	200740	297 ms
5.34.215.193	443	TRUE	VNO	Europe	Vilnius	42532	297 ms
5.34.211.103	443	TRUE	WAW	Europe	Warsaw	42532	297 ms
3.22.241.99	443	TRUE	ORD	North America	Chicago	16509	297 ms
38.180.216.120	443	TRUE	TLL	Europe	Tallinn	174	297 ms
5.8.93.15	443	TRUE	IAD	North America	Ashburn	199524	297 ms
185.128.104.127	443	TRUE	FRA	Europe	Frankfurt	203106	297 ms
107.172.94.16	443	TRUE	YYZ	North America	Toronto	36352	297 ms
195.85.250.31	443	TRUE	AMS	Europe	Amsterdam	44477	297 ms
89.169.34.180	443	TRUE	FRA	Europe	Frankfurt	0	297 ms
172.64.40.152	443	TRUE	BKK	Asia Pacific	Bangkok	13335	298 ms
77.91.84.120	443	TRUE	FRA	Europe	Frankfurt	210644	298 ms
3.147.73.220	443	TRUE	ORD	North America	Chicago	16509	299 ms
77.232.142.191	443	TRUE	FRA	Europe	Frankfurt	210644	299 ms
147.45.75.11	443	TRUE	FRA	Europe	Frankfurt	210644	299 ms
5.35.70.49	443	TRUE	AMS	Europe	Amsterdam	216071	299 ms
188.253.16.90	443	TRUE	VNO	Europe	Vilnius	0	299 ms
5.34.215.98	443	TRUE	WAW	Europe	Warsaw	42532	299 ms
208.76.222.64	443	TRUE	MAD	Europe	Madrid	20473	299 ms
52.141.25.42	443	TRUE	ICN	Asia Pacific	Seoul	8075	299 ms
91.184.240.150	443	TRUE	FRA	Europe	Frankfurt	0	299 ms
92.246.137.72	443	TRUE	FRA	Europe	Frankfurt	210644	299 ms
3.24.174.233	443	TRUE	SYD	Oceania	Sydney	16509	299 ms
5.8.93.45	443	TRUE	IAD	North America	Ashburn	199524	300 ms
172.64.40.70	443	TRUE	BKK	Asia Pacific	Bangkok	13335	300 ms
185.22.153.42	443	TRUE	DME	Europe	Moscow	51659	300 ms
77.221.137.144	443	TRUE	FRA	Europe	Frankfurt	210644	300 ms
2.56.173.227	443	TRUE	HEL	Europe	Helsinki	44477	300 ms
51.195.115.250	443	TRUE	FRA	Europe	Frankfurt	16276	300 ms
198.144.183.24	443	TRUE	ORD	North America	Chicago	36352	300 ms
217.144.189.185	443	TRUE	FRA	Europe	Frankfurt	0	300 ms
178.20.46.46	443	TRUE	AMS	Europe	Amsterdam	48282	301 ms
107.175.2.53	443	TRUE	YYZ	North America	Toronto	36352	301 ms
109.120.179.179	443	TRUE	FRA	Europe	Frankfurt	210644	302 ms
212.113.100.65	443	TRUE	FRA	Europe	Frankfurt	210644	302 ms
109.120.184.71	443	TRUE	FRA	Europe	Frankfurt	210644	302 ms
172.64.78.58	443	TRUE	FRA	Europe	Frankfurt	13335	302 ms
46.226.165.169	443	TRUE	FRA	Europe	Frankfurt	210644	302 ms
5.34.215.76	443	TRUE	VNO	Europe	Vilnius	42532	303 ms
107.172.167.194	443	TRUE	IAD	North America	Ashburn	36352	303 ms
109.205.181.212	443	TRUE	DUS	Europe	Düsseldorf	51167	303 ms
48.217.34.120	443	TRUE	IAD	North America	Ashburn	8075	303 ms
176.124.221.6	443	TRUE	FRA	Europe	Frankfurt	210644	303 ms
104.248.100.121	443	TRUE	FRA	Europe	Frankfurt	14061	303 ms
204.110.223.105	443	TRUE	CMH	North America	Columbus	16509	303 ms
5.35.69.122	443	TRUE	AMS	Europe	Amsterdam	216071	303 ms
34.193.164.187	443	TRUE	IAD	North America	Ashburn	14618	303 ms
46.226.161.202	443	TRUE	FRA	Europe	Frankfurt	210644	303 ms
212.113.102.205	443	TRUE	FRA	Europe	Frankfurt	210644	303 ms
195.133.2.18	443	TRUE	FRA	Europe	Frankfurt	206728	304 ms
91.184.242.155	443	TRUE	FRA	Europe	Frankfurt	34859	304 ms
188.253.16.51	443	TRUE	WAW	Europe	Warsaw	0	304 ms
57.128.24.6	443	TRUE	FRA	Europe	Frankfurt	16276	304 ms
193.164.155.66	443	TRUE	TLL	Europe	Tallinn	56971	304 ms
216.238.71.107	443	TRUE	DFW	North America	Dallas	20473	304 ms
193.233.114.17	443	TRUE	FRA	Europe	Frankfurt	210644	305 ms
5.253.189.121	443	TRUE	AMS	Europe	Amsterdam	39011	305 ms
176.97.77.76	443	TRUE	VIE	Europe	Vienna	9009	305 ms
89.22.232.190	443	TRUE	FRA	Europe	Frankfurt	0	305 ms
46.226.160.149	443	TRUE	FRA	Europe	Frankfurt	210644	305 ms
188.225.44.144	443	TRUE	DME	Europe	Moscow	9123	306 ms
79.137.196.241	443	TRUE	FRA	Europe	Frankfurt	210644	306 ms
45.14.227.88	443	TRUE	AMS	Europe	Amsterdam	62068	306 ms
78.159.121.186	443	TRUE	FRA	Europe	Frankfurt	28753	307 ms
109.120.133.8	443	TRUE	FRA	Europe	Frankfurt	210644	307 ms
192.210.236.102	443	TRUE	ORD	North America	Chicago	36352	307 ms
154.219.5.25	443	TRUE	BKK	Asia Pacific	Bangkok	209242	308 ms
57.128.30.106	443	TRUE	FRA	Europe	Frankfurt	16276	308 ms
5.34.215.193	443	TRUE	VNO	Europe	Vilnius	42532	309 ms
85.192.40.6	443	TRUE	FRA	Europe	Frankfurt	210644	309 ms
194.50.153.10	443	TRUE	AMS	Europe	Amsterdam	216024	309 ms
3.22.241.99	443	TRUE	CMH	North America	Columbus	16509	309 ms
109.120.185.139	443	TRUE	FRA	Europe	Frankfurt	210644	309 ms
109.120.132.83	443	TRUE	FRA	Europe	Frankfurt	210644	311 ms
23.95.91.159	443	TRUE	ATL	North America	Atlanta	36352	312 ms
77.105.166.9	443	TRUE	FRA	Europe	Frankfurt	210644	312 ms
192.227.155.245	443	TRUE	ORD	North America	Chicago	36352	312 ms
109.120.185.29	443	TRUE	FRA	Europe	Frankfurt	210644	312 ms
147.75.230.160	443	TRUE	SJC	North America	San Jose	11179	312 ms
109.120.134.15	443	TRUE	FRA	Europe	Frankfurt	210644	313 ms
23.227.193.89	443	TRUE	ORD	North America	Chicago	29802	313 ms
147.45.76.247	443	TRUE	FRA	Europe	Frankfurt	210644	313 ms
45.79.168.17	443	TRUE	EWR	North America	Newark	63949	314 ms
89.22.237.233	443	TRUE	FRA	Europe	Frankfurt	0	314 ms
147.45.76.69	443	TRUE	FRA	Europe	Frankfurt	210644	314 ms
172.64.78.104	443	TRUE	DFW	North America	Dallas	13335	314 ms
89.169.32.80	443	TRUE	FRA	Europe	Frankfurt	0	315 ms
213.171.10.123	443	TRUE	HAM	Europe	Hamburg	9123	315 ms
47.90.141.204	443	TRUE	LAX	North America	Los Angeles	45102	315 ms
88.218.93.118	443	TRUE	AMS	Europe	Amsterdam	44477	315 ms
46.226.164.147	443	TRUE	FRA	Europe	Frankfurt	210644	316 ms
46.226.164.10	443	TRUE	FRA	Europe	Frankfurt	210644	316 ms
188.68.223.17	443	TRUE	HAM	Europe	Hamburg	49505	317 ms
46.226.164.47	443	TRUE	FRA	Europe	Frankfurt	210644	319 ms
109.120.132.56	443	TRUE	FRA	Europe	Frankfurt	210644	319 ms
107.175.183.62	443	TRUE	ATL	North America	Atlanta	36352	319 ms
109.120.187.41	443	TRUE	FRA	Europe	Frankfurt	210644	319 ms
89.22.227.116	443	TRUE	FRA	Europe	Frankfurt	0	320 ms
109.172.95.213	443	TRUE	FRA	Europe	Frankfurt	215540	320 ms
172.64.40.155	443	TRUE	BKK	Asia Pacific	Bangkok	13335	320 ms
77.223.96.158	443	TRUE	OSL	Europe	Oslo	50340	321 ms
45.86.162.114	443	TRUE	AMS	Europe	Amsterdam	199959	321 ms
178.248.75.57	443	TRUE	RIX	Europe	Riga	7029	321 ms
46.226.161.88	443	TRUE	FRA	Europe	Frankfurt	210644	321 ms
107.173.189.234	443	TRUE	YYZ	North America	Toronto	36352	321 ms
107.172.142.156	443	TRUE	BUF	North America	Buffalo	36352	322 ms
18.222.145.58	443	TRUE	ORD	North America	Chicago	16509	322 ms
45.15.157.186	443	TRUE	FRA	Europe	Frankfurt	210644	322 ms
46.226.165.244	443	TRUE	FRA	Europe	Frankfurt	210644	322 ms
195.133.28.180	443	TRUE	FRA	Europe	Frankfurt	64289	323 ms
154.197.80.176	443	TRUE	BKK	Asia Pacific	Bangkok	209242	323 ms
172.245.232.173	443	TRUE	IAD	North America	Ashburn	136258	323 ms
46.226.161.71	443	TRUE	FRA	Europe	Frankfurt	210644	324 ms
109.120.134.248	443	TRUE	FRA	Europe	Frankfurt	210644	324 ms
194.0.194.145	443	TRUE	AMS	Europe	Amsterdam	50673	325 ms
216.107.137.248	443	TRUE	EWR	North America	Newark	212238	325 ms
188.225.44.144	443	TRUE	AMS	Europe	Amsterdam	9123	325 ms
107.172.43.162	443	TRUE	BUF	North America	Buffalo	36352	325 ms
194.0.194.222	443	TRUE	AMS	Europe	Amsterdam	50673	325 ms
107.175.69.166	443	TRUE	BUF	North America	Buffalo	36352	326 ms
192.3.45.148	443	TRUE	YYZ	North America	Toronto	36352	327 ms
66.135.8.216	443	TRUE	EWR	North America	Newark	20473	327 ms
104.168.58.31	443	TRUE	BUF	North America	Buffalo	36352	327 ms
5.35.70.38	443	TRUE	AMS	Europe	Amsterdam	216071	327 ms
154.197.80.84	443	TRUE	BKK	Asia Pacific	Bangkok	209242	327 ms
85.192.25.240	443	TRUE	FRA	Europe	Frankfurt	0	328 ms
107.175.2.53	443	TRUE	YYZ	North America	Toronto	36352	328 ms
107.175.158.215	443	TRUE	BUF	North America	Buffalo	36352	328 ms
185.87.150.54	443	TRUE	CDG	Europe	Paris	9009	328 ms
172.64.40.52	443	TRUE	BKK	Asia Pacific	Bangkok	13335	328 ms
107.172.94.35	443	TRUE	BUF	North America	Buffalo	36352	329 ms
109.120.132.218	443	TRUE	FRA	Europe	Frankfurt	210644	330 ms
24.96.156.180	443	TRUE	ATL	North America	Atlanta	12083	330 ms
107.172.6.51	443	TRUE	IAD	North America	Ashburn	36352	330 ms
107.174.63.237	443	TRUE	BUF	North America	Buffalo	36352	330 ms
107.175.69.166	443	TRUE	BUF	North America	Buffalo	36352	330 ms
107.174.63.237	443	TRUE	BUF	North America	Buffalo	36352	330 ms
107.173.189.234	443	TRUE	BUF	North America	Buffalo	36352	330 ms
46.36.223.141	443	TRUE	ARN	Europe	Stockholm	198068	331 ms
107.173.251.119	443	TRUE	YYZ	North America	Toronto	36352	331 ms
192.227.175.231	443	TRUE	YYZ	North America	Toronto	36352	331 ms
192.210.161.147	443	TRUE	YYZ	North America	Toronto	36352	331 ms
107.172.190.175	443	TRUE	EWR	North America	Newark	36352	332 ms
46.101.125.173	443	TRUE	FRA	Europe	Frankfurt	14061	332 ms
145.239.84.205	443	TRUE	WAW	Europe	Warsaw	16276	332 ms
193.37.68.184	443	TRUE	AMS	Europe	Amsterdam	50053	332 ms
3.123.255.167	443	TRUE	FRA	Europe	Frankfurt	16509	332 ms
107.173.171.219	443	TRUE	YYZ	North America	Toronto	36352	333 ms
46.32.184.187	443	TRUE	VNO	Europe	Vilnius	42532	333 ms
185.244.173.81	443	TRUE	AMS	Europe	Amsterdam	204997	334 ms
107.172.90.21	443	TRUE	BUF	North America	Buffalo	36352	335 ms
5.135.110.142	443	TRUE	FRA	Europe	Frankfurt	16276	336 ms
107.172.94.35	443	TRUE	BUF	North America	Buffalo	36352	336 ms
107.175.35.49	443	TRUE	BUF	North America	Buffalo	36352	337 ms
3.123.242.99	443	TRUE	FRA	Europe	Frankfurt	16509	338 ms
154.219.5.96	443	TRUE	BKK	Asia Pacific	Bangkok	209242	338 ms
190.103.177.131	443	TRUE	EZE	South America	Buenos Aires	263812	338 ms
192.3.155.217	443	TRUE	BUF	North America	Buffalo	36352	339 ms
172.245.111.20	443	TRUE	BUF	North America	Buffalo	36352	339 ms
172.64.40.27	443	TRUE	BKK	Asia Pacific	Bangkok	13335	339 ms
107.172.142.156	443	TRUE	BUF	North America	Buffalo	36352	339 ms
104.168.107.31	443	TRUE	YYZ	North America	Toronto	36352	340 ms
172.64.78.70	443	TRUE	RIX	Europe	Riga	13335	340 ms
107.173.54.243	443	TRUE	YYZ	North America	Toronto	36352	342 ms
79.137.194.186	443	TRUE	FRA	Europe	Frankfurt	210644	343 ms
107.174.64.249	443	TRUE	YYZ	North America	Toronto	36352	343 ms
205.172.57.89	443	TRUE	EWR	North America	Newark	395839	343 ms
107.173.251.119	443	TRUE	YYZ	North America	Toronto	36352	343 ms
23.95.235.137	443	TRUE	YYZ	North America	Toronto	36352	344 ms
109.204.232.146	443	TRUE	HEL	Europe	Helsinki	8829	345 ms
193.218.188.71	443	TRUE	YYZ	North America	Toronto	36352	345 ms
107.173.54.243	443	TRUE	BUF	North America	Buffalo	36352	345 ms
195.200.17.63	443	TRUE	AMS	Europe	Amsterdam	0	347 ms
3.109.185.221	443	TRUE	BOM	Asia Pacific	Mumbai	16509	349 ms
194.0.194.7	443	TRUE	AMS	Europe	Amsterdam	50673	350 ms
192.227.180.25	443	TRUE	BUF	North America	Buffalo	36352	351 ms
194.135.119.226	443	TRUE	SOF	Europe	Sofia	203647	352 ms
192.210.255.17	443	TRUE	AMS	Europe	Amsterdam	36352	352 ms
4.230.8.95	443	TRUE	ICN	Asia Pacific	Seoul	8075	353 ms
185.209.161.243	443	TRUE	AMS	Europe	Amsterdam	14576	356 ms
79.137.199.166	443	TRUE	FRA	Europe	Frankfurt	210644	357 ms
154.197.80.110	443	TRUE	BKK	Asia Pacific	Bangkok	209242	358 ms
216.238.108.127	443	TRUE	GRU	South America	São Paulo	20473	364 ms
213.255.209.189	443	TRUE	YYZ	North America	Toronto	54913	365 ms
172.245.159.231	443	TRUE	BUF	North America	Buffalo	36352	368 ms
195.133.2.120	443	TRUE	FRA	Europe	Frankfurt	206728	372 ms
89.40.15.168	443	TRUE	WAW	Europe	Warsaw	62282	373 ms
193.233.115.7	443	TRUE	FRA	Europe	Frankfurt	210644	373 ms
109.120.132.106	443	TRUE	FRA	Europe	Frankfurt	210644	375 ms
58.232.221.46	443	TRUE	NRT	Asia Pacific	Tokyo	9318	375 ms
199.48.102.83	443	TRUE	YUL	North America	Montréal	36731	377 ms
45.202.113.20	443	TRUE	SIN	Asia Pacific	Singapore	984	380 ms
109.120.187.255	443	TRUE	FRA	Europe	Frankfurt	210644	382 ms
47.89.244.253	443	TRUE	SJC	North America	San Jose	45102	383 ms
65.183.169.133	443	TRUE	ORD	North America	Chicago	12129	385 ms
217.144.188.10	443	TRUE	FRA	Europe	Frankfurt	0	386 ms
172.64.78.128	443	TRUE	FRA	Europe	Frankfurt	13335	387 ms
172.64.40.91	443	TRUE	BKK	Asia Pacific	Bangkok	13335	388 ms
46.226.161.37	443	TRUE	FRA	Europe	Frankfurt	210644	389 ms
91.149.254.138	443	TRUE	WAW	Europe	Warsaw	26383	389 ms
3.111.155.29	443	TRUE	BOM	Asia Pacific	Mumbai	16509	394 ms
109.120.135.199	443	TRUE	FRA	Europe	Frankfurt	210644	394 ms
172.64.78.43	443	TRUE	DFW	North America	Dallas	13335	396 ms
3.7.108.69	443	TRUE	BOM	Asia Pacific	Mumbai	16509	397 ms
95.142.45.147	443	TRUE	WAW	Europe	Warsaw	48282	400 ms
154.219.5.172	443	TRUE	BKK	Asia Pacific	Bangkok	209242	403 ms
172.64.40.248	443	TRUE	BKK	Asia Pacific	Bangkok	13335	405 ms
172.64.78.145	443	TRUE	KIX	Asia Pacific	Osaka	13335	409 ms
47.88.15.127	443	TRUE	SJC	North America	San Jose	45102	415 ms
47.100.254.82	443	TRUE	IAD	North America	Ashburn	37963	445 ms
3.37.89.222	443	TRUE	ICN	Asia Pacific	Seoul	16509	484 ms
